{"stats":{"minecraft:custom":{"minecraft:interact_with_crafting_table":152,"minecraft:open_barrel":5,"minecraft:bell_ring":2,"minecraft:leave_game":16,"minecraft:time_since_death":10216,"minecraft:sprint_one_cm":2032705,"minecraft:damage_blocked_by_shield":9351,"minecraft:drop":371,"minecraft:talked_to_villager":1005,"minecraft:play_time":1031723,"minecraft:deaths":24,"minecraft:jump":14756,"minecraft:interact_with_brewingstand":50,"minecraft:walk_on_water_one_cm":82315,"minecraft:interact_with_furnace":150,"minecraft:traded_with_villager":498,"minecraft:sleep_in_bed":30,"minecraft:damage_dealt":57472,"minecraft:crouch_one_cm":210129,"minecraft:inspect_dispenser":3,"minecraft:interact_with_smoker":84,"minecraft:horse_one_cm":15241,"minecraft:use_cauldron":12,"minecraft:interact_with_smithing_table":16,"minecraft:interact_with_anvil":10,"minecraft:mob_kills":384,"minecraft:climb_one_cm":7216,"minecraft:walk_one_cm":1605474,"minecraft:sneak_time":55904,"minecraft:walk_under_water_one_cm":39007,"minecraft:boat_one_cm":780044,"minecraft:interact_with_blast_furnace":81,"minecraft:total_world_time":1031723,"minecraft:interact_with_stonecutter":5,"minecraft:interact_with_grindstone":4,"minecraft:time_since_rest":10301,"minecraft:damage_taken":20476,"minecraft:damage_absorbed":275,"minecraft:swim_one_cm":67491,"minecraft:fly_one_cm":2948954,"minecraft:open_chest":827,"minecraft:fall_one_cm":434963},"minecraft:killed_by":{"minecraft:creeper":1,"minecraft:drowned":2,"minecraft:witch":2,"minecraft:zombie":5,"minecraft:warden":1,"minecraft:skeleton":6},"minecraft:picked_up":{"minecraft:iron_chestplate":11,"minecraft:wheat":28,"minecraft:yellow_wool":9,"minecraft:smithing_table":4,"minecraft:diamond_sword":6,"minecraft:potion":5,"minecraft:enchanted_book":1,"minecraft:golden_shovel":3,"minecraft:crimson_planks":15,"minecraft:brewing_stand":6,"minecraft:music_disc_cat":1,"minecraft:string":50,"minecraft:soul_soil":70,"minecraft:deepslate_lapis_ore":5,"minecraft:cooked_salmon":2,"minecraft:iron_leggings":9,"minecraft:diamond_leggings":2,"minecraft:gold_nugget":1722,"minecraft:cobbled_deepslate":736,"minecraft:bucket":2,"minecraft:trial_key":12,"minecraft:enchanted_golden_apple":1,"minecraft:melon_slice":31,"minecraft:deepslate_iron_ore":1,"minecraft:iron_boots":6,"minecraft:furnace":13,"minecraft:golden_helmet":2,"minecraft:stick":42,"minecraft:torch":314,"minecraft:porkchop":21,"minecraft:pointed_dripstone":43,"minecraft:diorite":46,"minecraft:golden_chestplate":5,"minecraft:cauldron":2,"minecraft:orange_bed":5,"minecraft:stone_sword":11,"minecraft:honey_bottle":2,"minecraft:rotten_flesh":167,"minecraft:blaze_rod":7,"minecraft:obsidian":14,"minecraft:snowball":9,"minecraft:cobblestone":451,"minecraft:birch_log":62,"minecraft:feather":69,"minecraft:cooked_beef":193,"minecraft:magma_cream":11,"minecraft:water_bucket":8,"minecraft:andesite":17,"minecraft:golden_leggings":1,"minecraft:smoker":5,"minecraft:potato":2,"minecraft:flint":4,"minecraft:tuff":80,"minecraft:lapis_lazuli":566,"minecraft:dirt":927,"minecraft:glass":99,"minecraft:bone":264,"travelersbackpack:backpack_tank":2,"minecraft:bow":15,"minecraft:stonecutter":1,"minecraft:wheat_seeds":121,"minecraft:raw_gold":440,"minecraft:bell":1,"minecraft:diamond_helmet":1,"minecraft:fletching_table":3,"minecraft:bamboo":32,"minecraft:oak_planks":26,"minecraft:cooked_porkchop":33,"minecraft:sand":105,"minecraft:nether_brick_stairs":2,"minecraft:ink_sac":10,"minecraft:diamond":197,"minecraft:deepslate":25,"minecraft:cracked_polished_blackstone_bricks":3,"minecraft:granite":22,"minecraft:crossbow":1,"minecraft:breeze_rod":3,"minecraft:bone_meal":1,"minecraft:golden_apple":23,"minecraft:emerald":10,"minecraft:bread":64,"minecraft:music_disc_precipice":1,"minecraft:oak_sapling":15,"minecraft:netherrack":1264,"minecraft:crimson_roots":1,"minecraft:diamond_pickaxe":16,"minecraft:charcoal":2,"minecraft:crafting_table":10,"travelersbackpack:hay":2,"minecraft:ominous_bottle":1,"minecraft:chicken":6,"minecraft:nether_wart":79,"minecraft:wooden_pickaxe":1,"minecraft:gold_block":21,"minecraft:crimson_trapdoor":9,"minecraft:brick":34,"minecraft:shield":10,"minecraft:wind_charge":8,"minecraft:cornflower":1,"minecraft:red_bed":2,"minecraft:iron_axe":1,"minecraft:flint_and_steel":4,"minecraft:iron_shovel":1,"minecraft:blackstone":445,"minecraft:deepslate_diamond_ore":2,"minecraft:beef":178,"minecraft:oak_boat":6,"minecraft:poppy":2,"minecraft:lectern":122,"minecraft:guster_pottery_sherd":1,"minecraft:sugar_cane":544,"minecraft:chest":15,"minecraft:birch_sapling":1,"minecraft:egg":15,"minecraft:raw_iron":444,"minecraft:polished_blackstone_bricks":1,"minecraft:carrot":166,"minecraft:redstone":923,"minecraft:diamond_chestplate":1,"minecraft:arrow":259,"minecraft:stone_shovel":3,"minecraft:cooked_cod":8,"minecraft:decorated_pot":13,"minecraft:nether_bricks":5,"minecraft:shears":1,"minecraft:diamond_boots":1,"minecraft:hay_block":143,"minecraft:saddle":1,"minecraft:glistering_melon_slice":11,"minecraft:gold_ingot":115,"minecraft:tuff_bricks":17,"minecraft:rail":2,"minecraft:mutton":22,"minecraft:bone_block":56,"minecraft:white_wool":70,"minecraft:crimson_slab":11,"minecraft:basalt":19,"minecraft:golden_carrot":1,"minecraft:glow_ink_sac":14,"minecraft:crimson_stem":103,"minecraft:leather":208,"minecraft:filled_map":1,"minecraft:birch_planks":8,"minecraft:oak_log":386,"minecraft:waxed_copper_block":1,"minecraft:golden_boots":4,"minecraft:yellow_bed":4,"minecraft:nether_wart_block":6,"minecraft:gunpowder":109,"minecraft:paper":195,"minecraft:cooked_mutton":8,"minecraft:coast_armor_trim_smithing_template":12,"minecraft:apple":41,"minecraft:kelp":6,"minecraft:heart_of_the_sea":5,"minecraft:iron_ingot":35,"minecraft:stone_pickaxe":8,"minecraft:cooked_chicken":5,"minecraft:iron_ore":1,"minecraft:soul_sand":26,"minecraft:book":144,"minecraft:oak_slab":1,"minecraft:warped_fungus":1,"minecraft:pumpkin":45,"minecraft:chiseled_stone_bricks":1,"minecraft:quartz":1116,"minecraft:dandelion":11,"minecraft:gravel":36,"minecraft:lava_bucket":2,"minecraft:amethyst_shard":16,"minecraft:soul_torch":15,"minecraft:blast_furnace":2,"minecraft:white_bed":13,"minecraft:spider_eye":13,"travelersbackpack:standard":3,"minecraft:diamond_shovel":1,"minecraft:slime_ball":2,"minecraft:polished_diorite":3,"minecraft:stone_axe":13,"minecraft:iron_helmet":3,"minecraft:diamond_axe":3,"minecraft:warped_roots":1,"minecraft:baked_potato":6,"minecraft:coal":445,"minecraft:wooden_axe":1,"minecraft:ender_pearl":12},"minecraft:broken":{"minecraft:stone_pickaxe":1,"minecraft:stone_axe":1,"minecraft:stone_shovel":2,"minecraft:stone_sword":2,"minecraft:shield":1,"minecraft:iron_pickaxe":1},"minecraft:killed":{"minecraft:cave_spider":1,"minecraft:spider":13,"minecraft:skeleton":105,"minecraft:chicken":6,"minecraft:silverfish":8,"minecraft:piglin_brute":2,"minecraft:magma_cube":59,"minecraft:piglin":8,"minecraft:pig":5,"minecraft:zombie_villager":4,"minecraft:iron_golem":3,"minecraft:creeper":11,"minecraft:sheep":4,"minecraft:zombie":69,"minecraft:ghast":4,"minecraft:blaze":4,"minecraft:cow":37,"minecraft:slime":7,"minecraft:phantom":1,"minecraft:drowned":6,"minecraft:hoglin":6,"minecraft:squid":3,"minecraft:breeze":2,"minecraft:wither_skeleton":2,"minecraft:enderman":6},"minecraft:used":{"travelersbackpack:lapis":3,"minecraft:diamond_hoe":1,"minecraft:chest":21,"minecraft:shield":151,"minecraft:nether_wart":16,"minecraft:bell":1,"minecraft:iron_chestplate":1,"minecraft:nether_bricks":2,"minecraft:carrot":28,"minecraft:tuff":18,"minecraft:lava_bucket":21,"minecraft:villager_spawn_egg":15,"minecraft:grass_block":12,"minecraft:iron_helmet":1,"minecraft:deepslate_diamond_ore":2,"minecraft:bow":86,"minecraft:furnace":6,"minecraft:cooked_cod":4,"minecraft:egg":4,"minecraft:diamond_boots":1,"minecraft:oak_planks":14,"minecraft:stone_pickaxe":81,"minecraft:ender_pearl":11,"minecraft:wooden_pickaxe":3,"minecraft:sugar_cane":52,"minecraft:diamond_axe":400,"minecraft:golden_apple":8,"minecraft:sand":2,"minecraft:deepslate_lapis_ore":5,"minecraft:deepslate_iron_ore":1,"minecraft:bread":18,"minecraft:lectern":682,"minecraft:gravel":30,"minecraft:golden_helmet":1,"minecraft:diamond_sword":522,"minecraft:smithing_table":2,"minecraft:air":1,"minecraft:oak_boat":2,"minecraft:oak_fence":2,"minecraft:stone_sword":481,"minecraft:stone_shovel":307,"minecraft:redstone":1,"minecraft:cooked_salmon":3,"minecraft:cooked_chicken":6,"minecraft:trial_key":6,"minecraft:netherrack":366,"minecraft:orange_bed":6,"minecraft:torch":617,"minecraft:dirt":321,"minecraft:diamond_helmet":1,"minecraft:golden_chestplate":1,"minecraft:golden_shovel":10,"minecraft:polished_diorite":2,"minecraft:wooden_axe":11,"minecraft:bookshelf":1,"minecraft:crimson_slab":26,"minecraft:crimson_planks":326,"minecraft:diamond_chestplate":1,"minecraft:soul_soil":4,"minecraft:cooked_beef":156,"minecraft:cobbled_deepslate":152,"minecraft:pointed_dripstone":8,"minecraft:iron_leggings":1,"minecraft:crimson_stem":8,"minecraft:wheat_seeds":28,"minecraft:cooked_mutton":8,"minecraft:water_bucket":59,"minecraft:iron_ore":1,"minecraft:lead":1,"minecraft:glass_bottle":16,"minecraft:baked_potato":4,"minecraft:cauldron":9,"minecraft:fletching_table":9,"minecraft:stonecutter":13,"minecraft:oak_slab":5,"minecraft:crafting_table":11,"minecraft:red_bed":2,"minecraft:crimson_trapdoor":68,"minecraft:white_bed":29,"minecraft:smoker":7,"minecraft:diamond_pickaxe":3914,"minecraft:diamond_shovel":53,"minecraft:wind_charge":1,"minecraft:iron_pickaxe":250,"minecraft:stone_axe":126,"minecraft:chiseled_stone_bricks":1,"minecraft:potion":11,"minecraft:cobblestone":63,"travelersbackpack:standard":13,"minecraft:crimson_stairs":14,"minecraft:cooked_porkchop":3,"minecraft:bucket":94,"minecraft:yellow_bed":7,"minecraft:diamond_leggings":1,"minecraft:splash_potion":2},"minecraft:crafted":{"minecraft:brick":800,"minecraft:black_dye":10,"minecraft:smooth_stone":64,"minecraft:oak_planks":1232,"minecraft:blaze_powder":2,"minecraft:cooked_chicken":4,"minecraft:sand":8,"minecraft:stone":64,"minecraft:bookshelf":12,"minecraft:cooked_mutton":16,"minecraft:suspicious_stew":1,"minecraft:quartz_block":263,"minecraft:glass":33,"minecraft:diamond_helmet":1,"minecraft:bow":1,"minecraft:diamond_leggings":1,"minecraft:iron_boots":1,"minecraft:white_glazed_terracotta":12,"minecraft:chest":6,"minecraft:chiseled_stone_bricks":384,"minecraft:oak_fence":3,"minecraft:smoker":2,"minecraft:glass_bottle":9,"minecraft:oak_slab":12,"minecraft:deepslate":13,"travelersbackpack:iron_tier_upgrade":1,"minecraft:emerald":154,"minecraft:cauldron":3,"minecraft:cooked_porkchop":10,"minecraft:diamond_axe":1,"minecraft:crafting_table":6,"travelersbackpack:lapis":1,"travelersbackpack:standard":3,"minecraft:wooden_pickaxe":1,"minecraft:iron_helmet":1,"minecraft:smithing_table":1,"minecraft:fletching_table":2,"minecraft:gold_block":33,"minecraft:birch_planks":108,"minecraft:apple":64,"minecraft:lectern":5,"minecraft:iron_chestplate":1,"minecraft:book":3,"minecraft:paper":21,"minecraft:diamond_pickaxe":3,"minecraft:charcoal":7,"minecraft:shield":7,"minecraft:gray_terracotta":12,"minecraft:stick":2168,"minecraft:iron_ingot":314,"minecraft:iron_pickaxe":2,"minecraft:iron_block":20,"minecraft:stone_sword":7,"minecraft:gold_ingot":665,"minecraft:polished_andesite":64,"minecraft:golden_carrot":36,"minecraft:gray_glazed_terracotta":12,"minecraft:stone_shovel":3,"minecraft:crimson_trapdoor":8,"minecraft:furnace":3,"minecraft:yellow_bed":3,"travelersbackpack:blank_upgrade":4,"travelersbackpack:gold_tier_upgrade":1,"travelersbackpack:white_sleeping_bag":1,"minecraft:polished_diorite":128,"minecraft:stone_pickaxe":2,"minecraft:diamond_boots":1,"minecraft:lead":2,"minecraft:golden_helmet":1,"minecraft:wheat":378,"minecraft:cooked_beef":96,"minecraft:dripstone_block":64,"minecraft:sugar":1,"minecraft:crimson_planks":164,"minecraft:light_gray_terracotta":24,"travelersbackpack:backpack_tank":4,"minecraft:crimson_slab":30,"minecraft:bucket":4,"minecraft:stone_axe":3,"minecraft:enchanted_book":2,"minecraft:bread":129,"minecraft:air":0,"minecraft:oak_boat":1,"minecraft:white_wool":3,"minecraft:golden_apple":21,"minecraft:gold_nugget":324,"minecraft:wooden_axe":1,"minecraft:iron_leggings":1,"minecraft:white_bed":9,"minecraft:torch":460,"minecraft:diamond_chestplate":1},"minecraft:mined":{"minecraft:large_amethyst_bud":1,"minecraft:white_bed":10,"minecraft:sculk_vein":2,"minecraft:brewing_stand":1,"minecraft:obsidian":14,"minecraft:budding_amethyst":2,"minecraft:granite":17,"minecraft:grass_block":380,"minecraft:crimson_trapdoor":9,"minecraft:cracked_polished_blackstone_bricks":3,"minecraft:soul_soil":70,"minecraft:polished_diorite":2,"minecraft:nether_wart":36,"minecraft:tuff_bricks":19,"minecraft:spawner":1,"minecraft:chiseled_stone_bricks":1,"minecraft:polished_blackstone_bricks":1,"minecraft:weeping_vines_plant":1,"minecraft:iron_ore":63,"minecraft:cobbled_deepslate":5,"minecraft:fire":17,"minecraft:deepslate_lapis_ore":35,"minecraft:fletching_table":3,"minecraft:nether_brick_stairs":2,"minecraft:sculk_shrieker":16,"minecraft:pointed_dripstone":10,"minecraft:dirt_path":28,"minecraft:small_amethyst_bud":2,"minecraft:orange_bed":5,"minecraft:deepslate_redstone_ore":115,"minecraft:red_bed":2,"minecraft:blackstone":394,"minecraft:medium_amethyst_bud":2,"minecraft:crimson_nylium":26,"minecraft:smoker":4,"minecraft:soul_fire":7,"minecraft:amethyst_cluster":4,"minecraft:torch":2,"minecraft:blast_furnace":2,"minecraft:chest":9,"minecraft:nether_quartz_ore":540,"minecraft:oak_planks":4,"minecraft:sugar_cane":296,"minecraft:wall_torch":6,"minecraft:cauldron":2,"minecraft:warped_nylium":12,"minecraft:nether_wart_block":6,"minecraft:birch_log":34,"minecraft:yellow_wool":9,"minecraft:wheat":28,"minecraft:waxed_copper_block":1,"minecraft:warped_fungus":1,"minecraft:oak_log":183,"minecraft:sand":32,"minecraft:dirt":55,"minecraft:crimson_planks":15,"minecraft:stonecutter":1,"minecraft:netherrack":1265,"minecraft:oak_leaves":31,"minecraft:deepslate":457,"minecraft:nether_gold_ore":200,"minecraft:tuff":47,"minecraft:deepslate_diamond_ore":88,"minecraft:nether_bricks":5,"minecraft:decorated_pot":14,"minecraft:crimson_roots":1,"minecraft:redstone_wire":1,"minecraft:crimson_stem":91,"minecraft:hay_block":56,"minecraft:redstone_ore":12,"minecraft:furnace":6,"minecraft:carrots":28,"minecraft:nether_sprouts":1,"minecraft:andesite":11,"minecraft:gold_block":21,"minecraft:bell":1,"minecraft:bookshelf":8,"minecraft:deepslate_iron_ore":143,"minecraft:bamboo":2,"minecraft:stone":189,"minecraft:bone_block":58,"minecraft:white_wool":9,"minecraft:smithing_table":2,"minecraft:oak_slab":1,"minecraft:soul_sand":25,"minecraft:basalt":23,"minecraft:dandelion":6,"minecraft:crafting_table":7,"minecraft:short_grass":161,"minecraft:crimson_slab":11,"minecraft:sculk_sensor":1,"minecraft:lectern":113,"minecraft:tall_grass":7,"minecraft:lapis_ore":3,"minecraft:deepslate_gold_ore":145,"minecraft:sculk":4,"minecraft:diorite":5,"minecraft:birch_leaves":1,"minecraft:yellow_bed":4,"minecraft:coal_ore":143,"minecraft:gravel":36,"minecraft:cobweb":2,"minecraft:gold_ore":12},"minecraft:dropped":{"minecraft:guster_pottery_sherd":1,"minecraft:soul_sand":4,"minecraft:cooked_beef":14,"minecraft:oak_log":7,"minecraft:ender_pearl":2,"minecraft:diamond":3,"minecraft:crafting_table":1,"minecraft:cooked_porkchop":6,"minecraft:decorated_pot":13,"minecraft:crossbow":1,"minecraft:warped_roots":1,"minecraft:leather":13,"minecraft:saddle":1,"travelersbackpack:standard":1,"minecraft:cracked_polished_blackstone_bricks":1,"minecraft:dirt":1,"minecraft:melon":16,"minecraft:snowball":1,"minecraft:polished_blackstone_bricks":1,"minecraft:birch_log":7,"minecraft:white_wool":1,"minecraft:gravel":2,"minecraft:stone_axe":1,"minecraft:blackstone":1,"minecraft:rotten_flesh":2,"minecraft:enchanted_golden_apple":1,"minecraft:waxed_copper_block":1,"minecraft:carrot":6,"travelersbackpack:hay":2,"minecraft:gunpowder":1,"minecraft:chest":1,"minecraft:arrow":5,"minecraft:enchanted_book":1,"minecraft:netherrack":273,"minecraft:egg":1,"minecraft:golden_boots":1,"minecraft:bread":146,"minecraft:golden_helmet":2,"minecraft:golden_horse_armor":1,"minecraft:bookshelf":1,"minecraft:coal":6,"minecraft:stick":6,"minecraft:diorite":20,"minecraft:torch":38,"minecraft:wooden_axe":2,"minecraft:potion":4,"minecraft:iron_leggings":1,"minecraft:orange_bed":1,"minecraft:iron_shovel":1,"minecraft:string":2,"minecraft:bucket":3,"minecraft:dandelion":4,"minecraft:polished_diorite":1,"minecraft:kelp":6,"minecraft:soul_soil":2,"minecraft:stone_sword":2,"minecraft:blaze_rod":3,"minecraft:tuff":11,"minecraft:diamond_hoe":1,"minecraft:stone_shovel":1,"minecraft:iron_boots":1,"minecraft:nether_bricks":3,"minecraft:shears":1,"minecraft:diamond_sword":2,"minecraft:potato":1,"minecraft:shield":3,"minecraft:trial_key":2,"minecraft:diamond_pickaxe":3,"minecraft:iron_chestplate":1,"minecraft:andesite":7,"minecraft:golden_leggings":1,"minecraft:golden_sword":1,"minecraft:spider_eye":1,"minecraft:bow":5,"minecraft:stone_pickaxe":1,"minecraft:wooden_pickaxe":2,"minecraft:brick":19}},"DataVersion":3953}