{"stats":{"minecraft:mined":{"minecraft:tuff":2,"minecraft:white_bed":3,"minecraft:deepslate_diamond_ore":6,"minecraft:brewing_stand":1,"minecraft:obsidian":14,"minecraft:grass_block":1,"minecraft:hay_block":40,"minecraft:furnace":5,"minecraft:iron_ore":13,"minecraft:deepslate_lapis_ore":8,"minecraft:bookshelf":8,"minecraft:deepslate_iron_ore":25,"minecraft:bamboo":2,"minecraft:stone":138,"minecraft:smithing_table":2,"minecraft:deepslate_redstone_ore":23,"minecraft:oak_slab":1,"minecraft:red_bed":2,"minecraft:smoker":3,"minecraft:crafting_table":4,"minecraft:short_grass":28,"minecraft:chest":8,"minecraft:lectern":1,"minecraft:tall_grass":5,"minecraft:deepslate_gold_ore":13,"minecraft:sugar_cane":14,"minecraft:birch_log":7,"minecraft:oak_log":44,"minecraft:coal_ore":54,"minecraft:sand":30,"minecraft:dirt":2,"minecraft:oak_leaves":14,"minecraft:deepslate":44},"minecraft:picked_up":{"minecraft:wooden_axe":1,"minecraft:charcoal":2,"minecraft:crafting_table":4,"travelersbackpack:hay":2,"minecraft:chicken":4,"minecraft:smithing_table":2,"minecraft:wooden_pickaxe":1,"minecraft:golden_shovel":3,"minecraft:brewing_stand":6,"minecraft:string":4,"minecraft:red_bed":2,"minecraft:cooked_salmon":2,"minecraft:flint_and_steel":2,"minecraft:cobbled_deepslate":43,"minecraft:bucket":1,"minecraft:beef":132,"minecraft:oak_boat":6,"minecraft:lectern":7,"minecraft:melon_slice":31,"minecraft:sugar_cane":144,"minecraft:chest":8,"minecraft:birch_sapling":1,"minecraft:egg":2,"minecraft:furnace":9,"minecraft:stick":34,"minecraft:raw_iron":52,"minecraft:torch":96,"minecraft:porkchop":10,"minecraft:redstone":110,"minecraft:golden_chestplate":5,"minecraft:stone_sword":6,"minecraft:arrow":2,"minecraft:rotten_flesh":22,"minecraft:cooked_cod":8,"minecraft:hay_block":120,"minecraft:glistering_melon_slice":11,"minecraft:gold_ingot":71,"minecraft:obsidian":14,"minecraft:mutton":22,"minecraft:cobblestone":173,"minecraft:white_wool":61,"minecraft:birch_log":28,"minecraft:feather":29,"minecraft:cooked_beef":73,"minecraft:glow_ink_sac":6,"minecraft:leather":157,"minecraft:smoker":3,"minecraft:potato":1,"minecraft:filled_map":1,"minecraft:birch_planks":8,"minecraft:tuff":7,"minecraft:oak_log":175,"minecraft:gunpowder":10,"minecraft:lapis_lazuli":101,"minecraft:dirt":1,"minecraft:paper":75,"minecraft:coast_armor_trim_smithing_template":12,"minecraft:glass":99,"minecraft:bone":15,"travelersbackpack:backpack_tank":2,"minecraft:apple":18,"minecraft:kelp":6,"minecraft:bow":2,"minecraft:wheat_seeds":3,"minecraft:raw_gold":13,"minecraft:cooked_chicken":3,"minecraft:heart_of_the_sea":5,"minecraft:iron_ingot":9,"minecraft:stone_pickaxe":8,"minecraft:bamboo":32,"minecraft:oak_planks":12,"minecraft:book":144,"minecraft:oak_slab":1,"minecraft:cooked_porkchop":24,"minecraft:pumpkin":15,"minecraft:dandelion":1,"minecraft:sand":103,"minecraft:white_bed":3,"minecraft:spider_eye":1,"minecraft:diamond":18,"minecraft:stone_axe":9,"minecraft:granite":3,"minecraft:golden_apple":5,"minecraft:oak_sapling":12,"minecraft:coal":172},"minecraft:custom":{"minecraft:interact_with_smithing_table":8,"minecraft:mob_kills":73,"minecraft:interact_with_crafting_table":66,"minecraft:leave_game":11,"minecraft:time_since_death":88808,"minecraft:climb_one_cm":214,"minecraft:sprint_one_cm":352393,"minecraft:walk_one_cm":247372,"minecraft:damage_blocked_by_shield":1035,"minecraft:drop":28,"minecraft:talked_to_villager":3,"minecraft:play_time":222816,"minecraft:deaths":7,"minecraft:sneak_time":4625,"minecraft:walk_under_water_one_cm":30392,"minecraft:boat_one_cm":780044,"minecraft:jump":3545,"minecraft:interact_with_brewingstand":1,"minecraft:interact_with_blast_furnace":4,"minecraft:walk_on_water_one_cm":41809,"minecraft:total_world_time":222816,"minecraft:interact_with_furnace":94,"minecraft:sleep_in_bed":10,"minecraft:time_since_rest":8507,"minecraft:damage_taken":4825,"minecraft:damage_dealt":10608,"minecraft:swim_one_cm":46438,"minecraft:fly_one_cm":547669,"minecraft:open_chest":178,"minecraft:crouch_one_cm":13034,"minecraft:interact_with_smoker":68,"minecraft:fall_one_cm":93254},"minecraft:killed_by":{"minecraft:drowned":2,"minecraft:skeleton":2,"minecraft:witch":2,"minecraft:zombie":1},"minecraft:killed":{"minecraft:spider":3,"minecraft:skeleton":5,"minecraft:chicken":4,"minecraft:drowned":6,"minecraft:pig":5,"minecraft:zombie_villager":1,"minecraft:creeper":4,"minecraft:sheep":4,"minecraft:zombie":17,"minecraft:cow":24},"minecraft:crafted":{"minecraft:oak_planks":92,"minecraft:cooked_chicken":4,"minecraft:furnace":3,"travelersbackpack:gold_tier_upgrade":1,"travelersbackpack:blank_upgrade":4,"minecraft:cooked_mutton":16,"minecraft:glass":33,"travelersbackpack:white_sleeping_bag":1,"minecraft:iron_boots":1,"minecraft:stone_pickaxe":2,"minecraft:chest":1,"minecraft:smoker":2,"minecraft:cooked_beef":78,"minecraft:oak_slab":12,"travelersbackpack:iron_tier_upgrade":1,"minecraft:cooked_porkchop":10,"minecraft:crafting_table":3,"travelersbackpack:backpack_tank":4,"minecraft:iron_helmet":1,"minecraft:wooden_pickaxe":1,"travelersbackpack:standard":3,"minecraft:smithing_table":1,"minecraft:bucket":3,"minecraft:stone_axe":2,"minecraft:air":0,"minecraft:oak_boat":1,"minecraft:iron_chestplate":1,"minecraft:diamond_pickaxe":1,"minecraft:charcoal":7,"minecraft:shield":3,"minecraft:stick":60,"minecraft:iron_ingot":42,"minecraft:iron_pickaxe":2,"minecraft:wooden_axe":1,"minecraft:stone_sword":2,"minecraft:gold_ingot":17,"minecraft:iron_leggings":1,"minecraft:torch":88},"minecraft:used":{"minecraft:stone_sword":204,"minecraft:chest":4,"minecraft:shield":12,"minecraft:cooked_salmon":3,"minecraft:cooked_chicken":4,"minecraft:torch":91,"minecraft:golden_shovel":10,"minecraft:tuff":5,"minecraft:golden_chestplate":1,"minecraft:wooden_axe":11,"minecraft:lava_bucket":1,"minecraft:cooked_cod":4,"minecraft:furnace":3,"minecraft:cooked_beef":25,"minecraft:cobbled_deepslate":21,"minecraft:cooked_mutton":5,"minecraft:water_bucket":27,"minecraft:stone_pickaxe":81,"minecraft:wooden_pickaxe":3,"minecraft:oak_slab":5,"minecraft:crafting_table":5,"minecraft:red_bed":2,"minecraft:white_bed":3,"minecraft:smoker":4,"minecraft:diamond_pickaxe":18,"minecraft:iron_pickaxe":250,"minecraft:stone_axe":85,"minecraft:cobblestone":58,"travelersbackpack:standard":4,"minecraft:cooked_porkchop":3,"minecraft:smithing_table":2,"minecraft:bucket":40,"minecraft:oak_boat":2},"minecraft:dropped":{"minecraft:crafting_table":1,"minecraft:cooked_porkchop":6,"minecraft:leather":13,"minecraft:stick":6,"minecraft:dirt":1,"minecraft:torch":38,"minecraft:wooden_axe":2,"minecraft:bucket":2,"minecraft:white_wool":1,"minecraft:dandelion":1,"minecraft:stone_axe":1,"minecraft:kelp":6,"minecraft:stone_sword":1,"minecraft:rotten_flesh":2,"travelersbackpack:hay":2,"minecraft:shield":1,"minecraft:wooden_pickaxe":2,"minecraft:stone_pickaxe":1},"minecraft:broken":{"minecraft:stone_sword":1,"minecraft:stone_pickaxe":1,"minecraft:stone_axe":1,"minecraft:iron_pickaxe":1}},"DataVersion":3953}