{"stats":{"minecraft:used":{"minecraft:poppy":1,"minecraft:dispenser":4,"minecraft:polished_blackstone":8,"minecraft:ladder":23,"minecraft:chest":97,"minecraft:stone":59,"minecraft:soul_sand":21,"minecraft:crafter":8,"minecraft:deepslate_brick_slab":7,"travelersbackpack:emerald":1,"minecraft:lava_bucket":35,"minecraft:quartz_pillar":102,"minecraft:villager_spawn_egg":54,"minecraft:grass_block":60,"minecraft:stone_brick_stairs":414,"minecraft:bow":377,"minecraft:ominous_bottle":2,"minecraft:furnace":8,"minecraft:cooked_cod":4,"minecraft:egg":4,"minecraft:potato":56,"minecraft:short_grass":1,"minecraft:diorite":4,"minecraft:damaged_anvil":1,"minecraft:cactus":2,"minecraft:wooden_pickaxe":3,"minecraft:golden_apple":14,"minecraft:sand":24,"minecraft:blast_furnace":5,"minecraft:chiseled_quartz_block":29,"minecraft:bamboo_button":1,"minecraft:deepslate_iron_ore":1,"minecraft:lectern":682,"minecraft:diamond_sword":1734,"minecraft:smithing_table":6,"minecraft:oak_boat":3,"minecraft:oak_trapdoor":411,"minecraft:enchanting_table":1,"minecraft:stone_sword":481,"minecraft:armor_stand":1,"minecraft:cooked_salmon":3,"minecraft:trial_key":12,"minecraft:netherrack":379,"minecraft:orange_bed":7,"minecraft:torch":885,"minecraft:brewing_stand":2,"minecraft:anvil":1,"minecraft:golden_shovel":10,"minecraft:oak_fence_gate":112,"minecraft:polished_diorite":2,"minecraft:iron_block":138,"minecraft:bamboo":62,"minecraft:diamond_chestplate":1,"minecraft:basalt":18,"minecraft:glowstone":4,"travelersbackpack:hose":4,"minecraft:cobbled_deepslate":187,"minecraft:observer":9,"minecraft:pointed_dripstone":8,"minecraft:crimson_stem":8,"minecraft:wheat_seeds":82,"minecraft:water_bucket":334,"minecraft:lead":4,"minecraft:cauldron":9,"minecraft:fletching_table":9,"minecraft:polished_blackstone_bricks":36,"minecraft:comparator":3,"minecraft:oak_slab":5,"minecraft:crafting_table":12,"minecraft:crimson_trapdoor":80,"minecraft:red_bed":2,"minecraft:white_bed":75,"minecraft:oak_log":8,"minecraft:diamond_pickaxe":11047,"minecraft:ominous_trial_key":3,"minecraft:diamond_shovel":28110,"travelersbackpack:bookshelf":2,"minecraft:wind_charge":1,"minecraft:iron_pickaxe":250,"minecraft:chiseled_stone_bricks":1318,"minecraft:cobblestone":63,"minecraft:potion":19,"travelersbackpack:standard":13,"minecraft:crimson_stairs":14,"minecraft:cooked_porkchop":3,"minecraft:dandelion":24,"minecraft:diamond_leggings":2,"travelersbackpack:lapis":3,"minecraft:diamond_hoe":310,"minecraft:oak_sign":11,"minecraft:polished_basalt":37,"minecraft:shield":186,"minecraft:nether_wart":16,"minecraft:zombie_spawn_egg":8,"minecraft:bell":1,"minecraft:soul_campfire":13,"minecraft:iron_chestplate":1,"minecraft:nether_bricks":14,"minecraft:carrot":84,"minecraft:tuff":18,"minecraft:glass":69,"minecraft:coal_ore":41,"minecraft:iron_helmet":1,"minecraft:item_frame":19,"minecraft:deepslate_diamond_ore":2,"minecraft:repeater":4,"minecraft:redstone_lamp":9,"minecraft:scaffolding":139,"minecraft:chiseled_polished_blackstone":26,"minecraft:diamond_boots":1,"minecraft:wither_skeleton_skull":3,"minecraft:stone_pickaxe":81,"minecraft:oak_planks":38,"minecraft:ender_pearl":24,"minecraft:sandstone":3,"minecraft:sugar_cane":52,"minecraft:diamond_axe":2987,"minecraft:deepslate_lapis_ore":5,"minecraft:redstone_torch":2,"minecraft:sticky_piston":5,"minecraft:lever":23,"minecraft:bread":21,"minecraft:deepslate":1,"minecraft:gravel":30,"minecraft:golden_helmet":1,"minecraft:grindstone":4,"minecraft:smooth_stone_slab":609,"minecraft:air":1,"minecraft:oak_fence":65,"minecraft:stone_shovel":307,"minecraft:redstone":46,"minecraft:cooked_chicken":6,"minecraft:dirt":1155,"minecraft:white_carpet":39,"minecraft:hopper":30,"minecraft:diamond_helmet":1,"minecraft:golden_chestplate":1,"minecraft:wooden_axe":11,"minecraft:bamboo_raft":1,"minecraft:bookshelf":60,"minecraft:crimson_slab":26,"minecraft:polished_blackstone_brick_stairs":77,"minecraft:crimson_planks":379,"minecraft:golden_carrot":106,"minecraft:emerald_block":28,"minecraft:soul_soil":7,"minecraft:cooked_beef":232,"minecraft:iron_leggings":1,"minecraft:cooked_mutton":8,"minecraft:iron_ore":2,"minecraft:glass_bottle":28,"minecraft:baked_potato":14,"minecraft:birch_boat":1,"minecraft:beacon":1,"minecraft:stonecutter":19,"minecraft:waxed_copper_block":1,"minecraft:glow_item_frame":6,"minecraft:smoker":7,"minecraft:nether_gold_ore":1,"minecraft:stone_axe":126,"minecraft:white_banner":3,"minecraft:bucket":204,"minecraft:yellow_bed":7,"minecraft:splash_potion":2,"minecraft:smooth_stone":1214,"minecraft:soul_torch":14},"minecraft:crafted":{"minecraft:black_dye":10,"minecraft:smooth_stone":765,"minecraft:birch_boat":1,"minecraft:blaze_powder":8,"minecraft:lever":4,"minecraft:diamond_shovel":1,"minecraft:lime_glazed_terracotta":24,"minecraft:bookshelf":99,"minecraft:cooked_mutton":18,"minecraft:glass":33,"minecraft:quartz_block":383,"minecraft:diamond_helmet":1,"minecraft:diamond_leggings":1,"minecraft:white_glazed_terracotta":12,"minecraft:beacon":1,"minecraft:bamboo_raft":1,"minecraft:glass_bottle":27,"minecraft:redstone_lamp":4,"minecraft:deepslate":13,"travelersbackpack:bookshelf":2,"minecraft:emerald":1480,"minecraft:soul_campfire":4,"minecraft:cooked_porkchop":10,"minecraft:diamond_axe":1,"travelersbackpack:lapis":1,"minecraft:glow_item_frame":4,"travelersbackpack:standard":5,"minecraft:smithing_table":1,"minecraft:clock":1,"minecraft:fletching_table":2,"minecraft:hay_block":3,"minecraft:lectern":5,"minecraft:crafter":1,"minecraft:iron_pickaxe":2,"minecraft:iron_block":156,"minecraft:gold_ingot":692,"minecraft:golden_carrot":100,"minecraft:stone_shovel":3,"minecraft:crimson_trapdoor":8,"minecraft:yellow_bed":3,"minecraft:white_carpet":48,"travelersbackpack:blank_upgrade":4,"travelersbackpack:gold_tier_upgrade":1,"minecraft:terracotta":192,"minecraft:lantern":60,"travelersbackpack:white_sleeping_bag":1,"minecraft:polished_diorite":192,"minecraft:stone_pickaxe":14,"minecraft:diamond_boots":3,"minecraft:redstone_block":23,"minecraft:lead":2,"minecraft:golden_helmet":1,"minecraft:wheat":387,"minecraft:coal_block":32,"minecraft:dripstone_block":64,"minecraft:light_gray_terracotta":36,"minecraft:enchanting_table":2,"minecraft:crimson_slab":30,"minecraft:deepslate_brick_slab":42,"minecraft:polished_granite":64,"minecraft:glowstone":8,"minecraft:enchanted_book":11,"minecraft:golden_apple":21,"minecraft:wooden_axe":1,"minecraft:iron_leggings":1,"minecraft:white_bed":9,"minecraft:brick":2560,"minecraft:oak_planks":8136,"minecraft:cooked_chicken":4,"minecraft:sand":8,"minecraft:stone":538,"minecraft:suspicious_stew":1,"minecraft:hopper":7,"minecraft:bow":2,"minecraft:iron_boots":1,"minecraft:cyan_terracotta":12,"minecraft:chest":43,"minecraft:polished_basalt":104,"minecraft:chiseled_stone_bricks":1244,"minecraft:oak_fence":3,"minecraft:smoker":2,"minecraft:dropper":1,"minecraft:item_frame":14,"minecraft:oak_slab":12,"travelersbackpack:iron_tier_upgrade":1,"minecraft:cauldron":3,"minecraft:crafting_table":7,"minecraft:wooden_pickaxe":1,"minecraft:iron_helmet":1,"minecraft:chainmail_chestplate":2,"minecraft:gold_block":33,"minecraft:brewing_stand":1,"minecraft:birch_planks":384,"minecraft:apple":64,"minecraft:book":3,"minecraft:iron_chestplate":1,"minecraft:paper":291,"minecraft:diamond_pickaxe":3,"minecraft:charcoal":7,"minecraft:emerald_block":161,"minecraft:shield":7,"minecraft:gray_terracotta":12,"minecraft:stick":13424,"minecraft:iron_ingot":377,"minecraft:stone_sword":7,"minecraft:shears":1,"minecraft:blue_terracotta":12,"minecraft:polished_andesite":256,"minecraft:gray_glazed_terracotta":12,"minecraft:redstone":36,"minecraft:bamboo_button":1,"minecraft:furnace":5,"travelersbackpack:villager":1,"minecraft:oak_trapdoor":406,"minecraft:scaffolding":180,"minecraft:netherite_scrap":2,"minecraft:cooked_beef":96,"minecraft:sugar":3,"minecraft:crimson_planks":332,"travelersbackpack:backpack_tank":4,"minecraft:bell":7,"minecraft:bucket":8,"minecraft:stone_axe":3,"minecraft:air":0,"minecraft:bread":132,"minecraft:oak_boat":2,"minecraft:white_wool":3,"minecraft:gold_nugget":549,"minecraft:anvil":1,"minecraft:torch":460,"minecraft:lapis_lazuli":18,"minecraft:diamond_chestplate":1},"minecraft:killed_by":{"minecraft:zombie":5,"minecraft:warden":1,"minecraft:creeper":1,"minecraft:drowned":2,"minecraft:witch":2,"minecraft:skeleton":6},"minecraft:killed":{"minecraft:cave_spider":1,"minecraft:skeleton":239,"minecraft:chicken":6,"minecraft:magma_cube":102,"minecraft:parrot":1,"minecraft:salmon":17,"minecraft:iron_golem":12,"minecraft:pillager":28,"minecraft:zombie":129,"minecraft:cow":37,"minecraft:evoker":3,"minecraft:vindicator":18,"minecraft:husk":12,"minecraft:ravager":5,"minecraft:breeze":12,"minecraft:enderman":12,"minecraft:witch":4,"minecraft:spider":39,"minecraft:silverfish":75,"minecraft:piglin_brute":2,"minecraft:piglin":8,"minecraft:pig":5,"minecraft:zombie_villager":6,"minecraft:creeper":67,"minecraft:sheep":15,"minecraft:ghast":5,"minecraft:blaze":42,"minecraft:vex":15,"minecraft:slime":32,"minecraft:phantom":20,"minecraft:drowned":7,"minecraft:hoglin":6,"minecraft:squid":3,"minecraft:wither_skeleton":61,"minecraft:villager":2},"minecraft:dropped":{"minecraft:cooked_beef":14,"minecraft:diamond":3,"minecraft:crafting_table":1,"minecraft:cooked_porkchop":6,"minecraft:crossbow":1,"minecraft:warped_roots":2,"minecraft:saddle":1,"minecraft:dirt":2171,"minecraft:melon":16,"minecraft:phantom_membrane":1,"minecraft:white_wool":1,"minecraft:bone":7,"minecraft:stone_axe":1,"minecraft:birch_sapling":5,"minecraft:rotten_flesh":30,"minecraft:oak_planks":128,"minecraft:enchanted_golden_apple":1,"minecraft:waxed_copper_block":1,"minecraft:tipped_arrow":5,"minecraft:coal_ore":1,"minecraft:leather_leggings":1,"minecraft:egg":6,"minecraft:enchanted_book":1,"minecraft:golden_boots":3,"minecraft:wheat_seeds":15,"minecraft:golden_horse_armor":1,"minecraft:iron_helmet":1,"minecraft:book":4,"minecraft:coal":25,"minecraft:golden_apple":6,"minecraft:oxeye_daisy":1,"minecraft:lava_bucket":2,"minecraft:golden_carrot":1,"minecraft:wooden_axe":2,"minecraft:rose_bush":1,"minecraft:potion":10,"minecraft:iron_shovel":1,"minecraft:string":2,"minecraft:soul_soil":3,"minecraft:stone_sword":9,"minecraft:deepslate":1,"minecraft:diamond_hoe":1,"minecraft:stone_shovel":1,"minecraft:iron_boots":1,"minecraft:nether_bricks":6,"minecraft:shears":1,"minecraft:diamond_sword":2,"minecraft:potato":1,"minecraft:diamond_pickaxe":3,"minecraft:stone_pressure_plate":1,"minecraft:spider_eye":1,"minecraft:bamboo":2,"minecraft:bow":43,"minecraft:black_wool":2,"minecraft:nether_brick_stairs":2,"minecraft:guster_pottery_sherd":1,"minecraft:soul_sand":5,"minecraft:diamond_axe":1,"minecraft:oak_log":7,"minecraft:baked_potato":10,"minecraft:ender_pearl":2,"minecraft:decorated_pot":13,"minecraft:leather":31,"travelersbackpack:standard":1,"minecraft:flint":1,"minecraft:cracked_polished_blackstone_bricks":1,"minecraft:crimson_roots":1,"minecraft:cut_sandstone":14,"minecraft:music_disc_precipice":1,"minecraft:snowball":1,"minecraft:polished_blackstone_bricks":1,"minecraft:birch_log":7,"minecraft:gravel":3,"minecraft:blackstone":1,"minecraft:carrot":6,"travelersbackpack:hay":2,"minecraft:poppy":1,"minecraft:gunpowder":1,"minecraft:chest":1,"minecraft:arrow":49,"minecraft:netherrack":273,"minecraft:enchanting_table":2,"minecraft:bread":151,"minecraft:golden_helmet":2,"minecraft:bookshelf":65,"minecraft:ominous_trial_key":1,"minecraft:stick":8,"minecraft:diorite":20,"minecraft:torch":38,"minecraft:nether_wart_block":6,"minecraft:iron_leggings":1,"minecraft:orange_bed":1,"minecraft:cactus":6,"minecraft:bucket":3,"minecraft:dandelion":5,"minecraft:polished_diorite":1,"minecraft:kelp":6,"minecraft:blaze_rod":3,"minecraft:tuff":11,"minecraft:villager_spawn_egg":1,"minecraft:stripped_oak_log":1,"minecraft:shield":5,"minecraft:trial_key":5,"minecraft:orange_terracotta":1,"minecraft:iron_chestplate":1,"minecraft:andesite":7,"minecraft:golden_leggings":2,"minecraft:golden_sword":1,"minecraft:diamond_boots":2,"minecraft:stone_pickaxe":14,"minecraft:wooden_pickaxe":2,"minecraft:brick":23},"minecraft:picked_up":{"minecraft:wooden_axe":1,"minecraft:iron_chestplate":12,"minecraft:chainmail_boots":2,"minecraft:diamond_sword":6,"minecraft:smithing_table":4,"minecraft:lead":7,"minecraft:enchanted_book":4,"minecraft:golden_shovel":3,"minecraft:brewing_stand":7,"minecraft:polished_blackstone_brick_stairs":10,"minecraft:music_disc_cat":2,"minecraft:string":114,"minecraft:soul_soil":81,"minecraft:cooked_salmon":2,"minecraft:diamond_leggings":2,"minecraft:gold_nugget":1797,"minecraft:cobbled_deepslate":743,"minecraft:trial_key":23,"minecraft:enchanted_golden_apple":2,"minecraft:melon_slice":31,"minecraft:golden_helmet":2,"minecraft:golden_chestplate":5,"minecraft:cauldron":2,"minecraft:orange_bed":6,"minecraft:stone_sword":18,"minecraft:honey_bottle":2,"minecraft:polished_basalt":2,"minecraft:iron_block":2,"minecraft:cyan_terracotta":2,"minecraft:glowstone":4,"minecraft:bookshelf":36,"minecraft:blaze_rod":61,"minecraft:snowball":9,"minecraft:birch_log":467,"minecraft:magma_block":2,"minecraft:feather":70,"minecraft:cooked_beef":199,"minecraft:water_bucket":8,"minecraft:brown_wool":1,"minecraft:smoker":5,"minecraft:flint":8,"minecraft:stonecutter":1,"minecraft:guster_banner_pattern":1,"minecraft:diamond_helmet":1,"minecraft:chiseled_polished_blackstone":8,"minecraft:ink_sac":10,"minecraft:deepslate":27,"minecraft:lever":9,"minecraft:granite":22,"minecraft:bread":67,"minecraft:music_disc_precipice":2,"minecraft:diamond_pickaxe":16,"minecraft:bricks":16,"minecraft:ominous_trial_key":8,"minecraft:crimson_roots":1,"minecraft:mud":1,"minecraft:crafting_table":10,"travelersbackpack:hay":2,"minecraft:ominous_bottle":4,"minecraft:nether_wart":79,"minecraft:leather_leggings":1,"minecraft:crimson_trapdoor":9,"minecraft:wind_charge":59,"minecraft:cornflower":2,"minecraft:red_bed":2,"minecraft:flint_and_steel":4,"minecraft:white_carpet":3,"minecraft:iron_shovel":1,"minecraft:polished_blackstone_wall":2,"minecraft:deepslate_diamond_ore":2,"minecraft:beef":178,"minecraft:poppy":26,"minecraft:guster_pottery_sherd":1,"minecraft:chest":31,"minecraft:birch_sapling":79,"minecraft:egg":22,"minecraft:copper_ore":29,"minecraft:sandstone":3,"minecraft:stone":4487,"minecraft:glow_item_frame":2,"minecraft:carrot":452,"minecraft:redstone":954,"minecraft:tnt":8,"minecraft:stone_shovel":3,"minecraft:diamond_chestplate":2,"minecraft:cooked_cod":8,"minecraft:decorated_pot":13,"minecraft:peony":11,"minecraft:shears":1,"minecraft:diamond_boots":3,"minecraft:hay_block":143,"minecraft:gold_ingot":115,"minecraft:totem_of_undying":4,"minecraft:polished_blackstone":3,"minecraft:tuff_bricks":18,"minecraft:mutton":60,"minecraft:white_wool":97,"minecraft:bone_block":65,"minecraft:rail":2,"minecraft:crimson_slab":11,"minecraft:oxeye_daisy":2,"minecraft:stripped_oak_log":2,"minecraft:crafter":2,"minecraft:filled_map":1,"minecraft:oak_log":1916,"minecraft:golden_boots":5,"minecraft:paper":195,"minecraft:white_banner":4,"minecraft:apple":91,"minecraft:kelp":6,"minecraft:stone_pickaxe":10,"minecraft:iron_ore":29,"minecraft:gravel":72,"travelersbackpack:standard":3,"minecraft:diamond_shovel":1,"minecraft:coal_ore":276,"minecraft:slime_ball":64,"minecraft:polished_diorite":4,"minecraft:stone_axe":13,"minecraft:diamond_axe":4,"minecraft:gray_wool":1,"minecraft:polished_blackstone_brick_wall":2,"minecraft:warped_roots":2,"minecraft:baked_potato":26,"minecraft:crimson_nylium":1,"minecraft:hopper":5,"minecraft:ender_pearl":26,"minecraft:wheat":77,"minecraft:yellow_wool":9,"minecraft:potion":10,"minecraft:crimson_planks":15,"travelersbackpack:emerald":1,"minecraft:deepslate_lapis_ore":5,"minecraft:armor_stand":1,"minecraft:iron_leggings":10,"minecraft:red_sand":1,"minecraft:smooth_stone":1,"minecraft:bucket":3,"minecraft:rose_bush":10,"minecraft:redstone_torch":1,"minecraft:deepslate_iron_ore":1,"minecraft:iron_boots":7,"minecraft:furnace":13,"minecraft:tipped_arrow":27,"minecraft:stick":318,"minecraft:oak_fence":3,"minecraft:torch":407,"minecraft:porkchop":21,"minecraft:diorite":184,"minecraft:pointed_dripstone":43,"minecraft:nether_gold_ore":1,"minecraft:cactus":12,"minecraft:rotten_flesh":372,"minecraft:obsidian":14,"minecraft:cobblestone":523,"minecraft:enchanting_table":1,"minecraft:magma_cream":24,"minecraft:andesite":17,"minecraft:golden_leggings":2,"minecraft:chiseled_quartz_block":3,"minecraft:potato":257,"minecraft:tuff":80,"minecraft:wither_skeleton_skull":3,"minecraft:lapis_lazuli":566,"minecraft:dirt":14114,"minecraft:glass":101,"minecraft:bone":648,"travelersbackpack:backpack_tank":2,"minecraft:bow":24,"minecraft:wheat_seeds":433,"minecraft:raw_gold":440,"minecraft:bell":1,"minecraft:bolt_armor_trim_smithing_template":1,"minecraft:fletching_table":3,"minecraft:bamboo":1860,"minecraft:oak_planks":235,"minecraft:cooked_porkchop":33,"minecraft:sand":2867,"minecraft:nether_brick_stairs":2,"minecraft:grass_block":1,"minecraft:lily_of_the_valley":17,"minecraft:diamond":204,"minecraft:cracked_polished_blackstone_bricks":3,"minecraft:crossbow":2,"minecraft:breeze_rod":57,"minecraft:bone_meal":1,"minecraft:golden_apple":23,"minecraft:emerald":113,"minecraft:oak_sapling":384,"minecraft:netherrack":1622,"minecraft:nether_star":1,"minecraft:charcoal":2,"minecraft:azure_bluet":1,"minecraft:chicken":6,"minecraft:wooden_pickaxe":1,"minecraft:gold_block":21,"minecraft:brick":189,"minecraft:shield":13,"minecraft:oak_trapdoor":59,"minecraft:iron_axe":1,"minecraft:item_frame":9,"minecraft:blackstone":1263,"minecraft:oak_boat":6,"minecraft:lectern":122,"minecraft:sugar_cane":917,"minecraft:phantom_membrane":17,"minecraft:raw_iron":445,"minecraft:polished_blackstone_bricks":15,"minecraft:quartz_pillar":9,"minecraft:stone_pressure_plate":1,"travelersbackpack:hose":1,"minecraft:arrow":560,"minecraft:nether_bricks":21,"minecraft:saddle":1,"minecraft:glistering_melon_slice":11,"minecraft:basalt":215,"minecraft:golden_carrot":4,"minecraft:glow_ink_sac":14,"minecraft:crimson_stem":103,"minecraft:salmon":17,"minecraft:cut_sandstone":14,"minecraft:leather":208,"minecraft:birch_planks":8,"minecraft:waxed_copper_block":2,"minecraft:yellow_bed":4,"minecraft:nether_wart_block":6,"minecraft:gunpowder":132,"minecraft:orange_terracotta":1,"minecraft:cooked_mutton":8,"minecraft:coast_armor_trim_smithing_template":12,"minecraft:heart_of_the_sea":5,"minecraft:iron_ingot":75,"minecraft:cooked_chicken":5,"minecraft:soul_sand":37,"minecraft:book":288,"minecraft:scaffolding":18,"minecraft:oak_slab":1,"minecraft:warped_fungus":1,"minecraft:emerald_block":14,"minecraft:pumpkin":45,"minecraft:chiseled_stone_bricks":93,"minecraft:quartz":1116,"minecraft:dandelion":30,"minecraft:lava_bucket":2,"minecraft:amethyst_shard":16,"minecraft:soul_torch":15,"minecraft:blast_furnace":2,"minecraft:white_bed":13,"minecraft:spider_eye":53,"minecraft:iron_helmet":5,"minecraft:black_wool":2,"minecraft:coal":680},"minecraft:broken":{"minecraft:stone_sword":2,"minecraft:shield":1,"minecraft:iron_pickaxe":1,"minecraft:stone_pickaxe":1,"minecraft:stone_axe":1,"minecraft:stone_shovel":2},"minecraft:custom":{"minecraft:interact_with_crafting_table":241,"minecraft:open_barrel":9,"minecraft:bell_ring":7,"minecraft:leave_game":28,"minecraft:time_since_death":1496253,"minecraft:damage_blocked_by_shield":11982,"minecraft:play_time":2517760,"minecraft:deaths":24,"minecraft:jump":31386,"minecraft:enchant_item":6,"minecraft:interact_with_furnace":353,"minecraft:traded_with_villager":2127,"minecraft:sleep_in_bed":54,"minecraft:damage_dealt":146629,"minecraft:interact_with_smoker":89,"minecraft:use_cauldron":43,"minecraft:inspect_dispenser":24,"minecraft:horse_one_cm":209664,"minecraft:interact_with_smithing_table":22,"minecraft:interact_with_anvil":26,"minecraft:inspect_hopper":18,"minecraft:sneak_time":133032,"minecraft:interact_with_blast_furnace":86,"minecraft:total_world_time":2517760,"minecraft:interact_with_stonecutter":20,"minecraft:time_since_rest":7362,"minecraft:swim_one_cm":132834,"minecraft:fly_one_cm":8188662,"minecraft:open_chest":2599,"minecraft:fall_one_cm":792268,"minecraft:sprint_one_cm":4917636,"minecraft:drop":636,"minecraft:talked_to_villager":1304,"minecraft:interact_with_brewingstand":79,"minecraft:walk_on_water_one_cm":111695,"minecraft:interact_with_beacon":5,"minecraft:crouch_one_cm":646612,"minecraft:mob_kills":1060,"minecraft:climb_one_cm":119744,"minecraft:walk_one_cm":4899582,"minecraft:raid_win":1,"minecraft:walk_under_water_one_cm":69335,"minecraft:boat_one_cm":903348,"minecraft:raid_trigger":1,"minecraft:interact_with_grindstone":10,"minecraft:damage_taken":31770,"minecraft:damage_absorbed":481},"minecraft:mined":{"minecraft:white_bed":10,"minecraft:obsidian":14,"minecraft:granite":17,"minecraft:chiseled_polished_blackstone":8,"minecraft:crimson_trapdoor":9,"minecraft:hopper":5,"minecraft:nether_wart":36,"minecraft:chiseled_stone_bricks":115,"minecraft:spawner":2,"minecraft:polished_blackstone_bricks":15,"minecraft:weeping_vines_plant":1,"minecraft:magma_block":4,"minecraft:cobbled_deepslate":12,"minecraft:fire":47,"minecraft:fletching_table":3,"minecraft:deepslate_lapis_ore":35,"minecraft:nether_brick_stairs":2,"minecraft:sculk_shrieker":24,"minecraft:dirt_path":33,"minecraft:small_amethyst_bud":2,"minecraft:iron_block":2,"minecraft:white_banner":1,"minecraft:orange_bed":6,"minecraft:cut_sandstone":15,"minecraft:red_bed":2,"minecraft:kelp_plant":1,"minecraft:smoker":4,"minecraft:crimson_nylium":27,"minecraft:soul_fire":7,"minecraft:amethyst_cluster":4,"minecraft:torch":16,"minecraft:blast_furnace":2,"minecraft:dead_bush":1,"minecraft:glass":1,"minecraft:sugar_cane":488,"minecraft:mud":1,"minecraft:wheat":81,"minecraft:waxed_copper_block":2,"minecraft:warped_fungus":1,"minecraft:stonecutter":1,"minecraft:deepslate":459,"minecraft:crafter":2,"minecraft:nether_bricks":22,"minecraft:crimson_roots":1,"minecraft:redstone_wire":29,"minecraft:redstone_ore":12,"minecraft:suspicious_sand":1,"minecraft:andesite":11,"minecraft:potatoes":56,"minecraft:bamboo":188,"minecraft:bone_block":68,"minecraft:white_wool":9,"minecraft:smithing_table":2,"minecraft:oak_slab":1,"minecraft:soul_sand":43,"minecraft:lily_of_the_valley":17,"minecraft:dandelion":10,"minecraft:short_grass":269,"minecraft:crimson_slab":11,"minecraft:tall_grass":30,"minecraft:copper_ore":29,"minecraft:deepslate_gold_ore":145,"minecraft:diorite":137,"minecraft:white_carpet":3,"minecraft:birch_leaves":28,"minecraft:quartz_pillar":9,"minecraft:gravel":76,"minecraft:cobweb":2,"minecraft:polished_blackstone":2,"minecraft:gold_ore":12,"minecraft:large_amethyst_bud":1,"minecraft:stone_pressure_plate":1,"minecraft:sculk_vein":3,"minecraft:brewing_stand":2,"minecraft:budding_amethyst":2,"minecraft:grass_block":10546,"minecraft:cracked_polished_blackstone_bricks":3,"minecraft:soul_soil":87,"minecraft:polished_diorite":2,"minecraft:tuff_bricks":19,"minecraft:smooth_stone":1,"minecraft:glowstone":4,"minecraft:sculk_catalyst":2,"minecraft:iron_ore":92,"minecraft:pointed_dripstone":10,"minecraft:deepslate_redstone_ore":115,"minecraft:blackstone":1238,"minecraft:medium_amethyst_bud":2,"minecraft:orange_terracotta":1,"minecraft:chiseled_quartz_block":3,"minecraft:poppy":12,"minecraft:chest":21,"minecraft:nether_quartz_ore":540,"minecraft:oak_planks":4,"minecraft:wall_torch":6,"minecraft:cauldron":2,"minecraft:seagrass":1,"minecraft:warped_nylium":12,"minecraft:nether_wart_block":6,"minecraft:yellow_wool":9,"minecraft:birch_log":441,"minecraft:tnt":9,"minecraft:oak_log":1717,"minecraft:sand":2879,"minecraft:dirt":15059,"minecraft:crimson_planks":15,"minecraft:netherrack":1892,"minecraft:oak_leaves":547,"minecraft:nether_gold_ore":209,"minecraft:tuff":47,"minecraft:deepslate_diamond_ore":88,"minecraft:lever":7,"minecraft:decorated_pot":15,"minecraft:sandstone":3,"minecraft:crimson_stem":91,"minecraft:hay_block":56,"minecraft:deepslate_brick_slab":4,"minecraft:oak_trapdoor":59,"minecraft:furnace":6,"minecraft:carrots":84,"minecraft:polished_basalt":2,"minecraft:nether_sprouts":1,"minecraft:peony":13,"minecraft:gold_block":21,"minecraft:bell":1,"minecraft:bookshelf":44,"minecraft:deepslate_iron_ore":143,"minecraft:stripped_oak_log":1,"minecraft:stone":4781,"minecraft:scaffolding":12,"minecraft:basalt":225,"minecraft:polished_granite":1,"minecraft:oak_fence":3,"minecraft:crafting_table":7,"minecraft:rose_bush":9,"minecraft:sculk_sensor":6,"minecraft:lectern":113,"minecraft:lapis_ore":3,"minecraft:polished_blackstone_brick_stairs":10,"minecraft:sculk":14,"minecraft:cactus":10,"minecraft:redstone_torch":1,"minecraft:white_wall_banner":1,"minecraft:yellow_bed":4,"minecraft:coal_ore":479}},"DataVersion":3953}