{"stats":{"minecraft:crafted":{"minecraft:oak_planks":280,"minecraft:stone_shovel":2,"minecraft:cooked_chicken":4,"minecraft:sand":8,"minecraft:furnace":3,"minecraft:yellow_bed":3,"travelersbackpack:blank_upgrade":4,"travelersbackpack:gold_tier_upgrade":1,"minecraft:cooked_mutton":16,"minecraft:glass":33,"travelersbackpack:white_sleeping_bag":1,"minecraft:iron_boots":1,"minecraft:stone_pickaxe":2,"minecraft:chest":1,"minecraft:golden_helmet":1,"minecraft:smoker":2,"minecraft:wheat":378,"minecraft:cooked_beef":96,"minecraft:oak_slab":12,"travelersbackpack:iron_tier_upgrade":1,"minecraft:cauldron":3,"minecraft:cooked_porkchop":10,"minecraft:crafting_table":5,"travelersbackpack:backpack_tank":4,"minecraft:wooden_pickaxe":1,"minecraft:iron_helmet":1,"travelersbackpack:standard":3,"minecraft:smithing_table":1,"minecraft:bucket":4,"minecraft:birch_planks":28,"minecraft:stone_axe":3,"minecraft:bread":129,"minecraft:air":0,"minecraft:oak_boat":1,"minecraft:white_wool":3,"minecraft:iron_chestplate":1,"minecraft:diamond_pickaxe":3,"minecraft:charcoal":7,"minecraft:shield":6,"minecraft:stick":140,"minecraft:iron_ingot":51,"minecraft:iron_pickaxe":2,"minecraft:wooden_axe":1,"minecraft:stone_sword":7,"minecraft:iron_leggings":1,"minecraft:gold_ingot":22,"minecraft:white_bed":9,"minecraft:torch":324},"minecraft:used":{"minecraft:stone_sword":432,"minecraft:stone_shovel":272,"minecraft:redstone":1,"minecraft:chest":8,"minecraft:shield":53,"minecraft:cooked_salmon":3,"minecraft:bell":1,"minecraft:cooked_chicken":4,"minecraft:netherrack":73,"minecraft:iron_chestplate":1,"minecraft:torch":238,"minecraft:dirt":240,"minecraft:golden_chestplate":1,"minecraft:golden_shovel":10,"minecraft:tuff":10,"minecraft:wooden_axe":11,"minecraft:lava_bucket":17,"minecraft:grass_block":1,"minecraft:iron_helmet":1,"minecraft:soul_soil":4,"minecraft:cooked_cod":4,"minecraft:furnace":6,"minecraft:egg":4,"minecraft:pointed_dripstone":8,"minecraft:cooked_beef":60,"minecraft:cobbled_deepslate":66,"minecraft:iron_leggings":1,"minecraft:cooked_mutton":8,"minecraft:water_bucket":35,"minecraft:oak_planks":4,"minecraft:stone_pickaxe":81,"minecraft:wooden_pickaxe":3,"minecraft:cauldron":9,"minecraft:oak_slab":5,"minecraft:sand":2,"minecraft:red_bed":2,"minecraft:crafting_table":10,"minecraft:white_bed":29,"minecraft:smoker":7,"minecraft:diamond_pickaxe":520,"minecraft:bread":13,"minecraft:iron_pickaxe":250,"minecraft:stone_axe":126,"minecraft:golden_helmet":1,"travelersbackpack:standard":13,"minecraft:cobblestone":63,"minecraft:cooked_porkchop":3,"minecraft:smithing_table":2,"minecraft:bucket":55,"minecraft:yellow_bed":7,"minecraft:oak_boat":2},"minecraft:dropped":{"minecraft:bread":115,"minecraft:golden_helmet":1,"minecraft:oak_log":7,"minecraft:ender_pearl":1,"minecraft:diamond":3,"minecraft:crafting_table":1,"minecraft:cooked_porkchop":6,"minecraft:leather":13,"travelersbackpack:standard":1,"minecraft:coal":6,"minecraft:stick":6,"minecraft:dirt":1,"minecraft:diorite":19,"minecraft:torch":38,"minecraft:wooden_axe":2,"minecraft:iron_shovel":1,"minecraft:birch_log":7,"minecraft:white_wool":1,"minecraft:bucket":2,"minecraft:dandelion":1,"minecraft:stone_axe":1,"minecraft:kelp":6,"minecraft:stone_sword":2,"minecraft:blaze_rod":3,"minecraft:rotten_flesh":2,"minecraft:iron_boots":1,"minecraft:nether_bricks":3,"minecraft:shears":1,"travelersbackpack:hay":2,"minecraft:diamond_sword":1,"minecraft:shield":3,"minecraft:diamond_pickaxe":2,"minecraft:stone_pickaxe":1,"minecraft:wooden_pickaxe":2,"minecraft:netherrack":2},"minecraft:broken":{"minecraft:stone_sword":2,"minecraft:stone_pickaxe":1,"minecraft:stone_axe":1,"minecraft:iron_pickaxe":1,"minecraft:stone_shovel":2},"minecraft:mined":{"minecraft:nether_gold_ore":18,"minecraft:large_amethyst_bud":1,"minecraft:tuff":17,"minecraft:white_bed":10,"minecraft:deepslate_diamond_ore":24,"minecraft:brewing_stand":1,"minecraft:obsidian":14,"minecraft:granite":1,"minecraft:budding_amethyst":2,"minecraft:grass_block":297,"minecraft:redstone_wire":1,"minecraft:soul_soil":4,"minecraft:nether_wart":20,"minecraft:hay_block":56,"minecraft:furnace":6,"minecraft:iron_ore":14,"minecraft:fire":5,"minecraft:cobbled_deepslate":2,"minecraft:deepslate_lapis_ore":15,"minecraft:nether_brick_stairs":2,"minecraft:bell":1,"minecraft:bookshelf":8,"minecraft:pointed_dripstone":10,"minecraft:dirt_path":18,"minecraft:deepslate_iron_ore":34,"minecraft:small_amethyst_bud":2,"minecraft:bamboo":2,"minecraft:stone":151,"minecraft:bone_block":58,"minecraft:white_wool":9,"minecraft:smithing_table":2,"minecraft:deepslate_redstone_ore":33,"minecraft:oak_slab":1,"minecraft:soul_sand":22,"minecraft:red_bed":2,"minecraft:blackstone":1,"minecraft:medium_amethyst_bud":2,"minecraft:smoker":4,"minecraft:soul_fire":2,"minecraft:amethyst_cluster":4,"minecraft:dandelion":3,"minecraft:crafting_table":6,"minecraft:short_grass":69,"minecraft:chest":9,"minecraft:nether_quartz_ore":64,"minecraft:lectern":1,"minecraft:tall_grass":6,"minecraft:deepslate_gold_ore":52,"minecraft:oak_planks":1,"minecraft:sugar_cane":14,"minecraft:cauldron":2,"minecraft:warped_nylium":7,"minecraft:birch_log":14,"minecraft:yellow_wool":9,"minecraft:birch_leaves":1,"minecraft:warped_fungus":1,"minecraft:yellow_bed":4,"minecraft:coal_ore":107,"minecraft:oak_log":71,"minecraft:dirt":41,"minecraft:sand":32,"minecraft:netherrack":102,"minecraft:oak_leaves":16,"minecraft:deepslate":78},"minecraft:picked_up":{"minecraft:wooden_axe":1,"minecraft:charcoal":2,"minecraft:iron_chestplate":7,"minecraft:crafting_table":8,"travelersbackpack:hay":2,"minecraft:chicken":6,"minecraft:nether_wart":21,"minecraft:yellow_wool":9,"minecraft:smithing_table":4,"minecraft:diamond_sword":1,"minecraft:wooden_pickaxe":1,"minecraft:golden_shovel":3,"minecraft:brewing_stand":6,"minecraft:shield":7,"minecraft:cornflower":1,"minecraft:string":11,"minecraft:red_bed":2,"minecraft:soul_soil":4,"minecraft:cooked_salmon":2,"minecraft:flint_and_steel":4,"minecraft:iron_leggings":5,"minecraft:iron_shovel":1,"minecraft:gold_nugget":70,"minecraft:cobbled_deepslate":125,"minecraft:bucket":1,"minecraft:beef":178,"minecraft:oak_boat":6,"minecraft:sugar_cane":144,"minecraft:lectern":8,"minecraft:melon_slice":31,"minecraft:chest":9,"minecraft:birch_sapling":1,"minecraft:egg":14,"minecraft:iron_boots":6,"minecraft:furnace":13,"minecraft:golden_helmet":1,"minecraft:raw_iron":82,"minecraft:stick":36,"minecraft:torch":275,"minecraft:porkchop":21,"minecraft:pointed_dripstone":43,"minecraft:diorite":38,"minecraft:redstone":232,"minecraft:golden_chestplate":5,"minecraft:cauldron":2,"minecraft:stone_sword":11,"minecraft:arrow":46,"minecraft:rotten_flesh":94,"minecraft:cooked_cod":8,"minecraft:nether_bricks":3,"minecraft:shears":1,"minecraft:hay_block":143,"minecraft:gold_ingot":115,"minecraft:glistering_melon_slice":11,"minecraft:blaze_rod":3,"minecraft:mutton":22,"minecraft:obsidian":14,"minecraft:bone_block":56,"minecraft:white_wool":70,"minecraft:cobblestone":378,"minecraft:birch_log":42,"minecraft:water_bucket":5,"minecraft:feather":69,"minecraft:cooked_beef":112,"minecraft:magma_cream":1,"minecraft:glow_ink_sac":14,"minecraft:andesite":1,"minecraft:leather":208,"minecraft:smoker":5,"minecraft:birch_planks":8,"minecraft:potato":1,"minecraft:filled_map":1,"minecraft:tuff":35,"minecraft:oak_log":256,"minecraft:golden_boots":1,"minecraft:yellow_bed":4,"minecraft:gunpowder":90,"minecraft:dirt":414,"minecraft:lapis_lazuli":233,"minecraft:paper":75,"travelersbackpack:backpack_tank":2,"minecraft:cooked_mutton":8,"minecraft:glass":99,"minecraft:coast_armor_trim_smithing_template":12,"minecraft:bone":35,"minecraft:apple":40,"minecraft:kelp":6,"minecraft:bow":2,"minecraft:wheat_seeds":36,"minecraft:raw_gold":114,"minecraft:stone_pickaxe":8,"minecraft:bell":1,"minecraft:heart_of_the_sea":5,"minecraft:iron_ingot":9,"minecraft:cooked_chicken":3,"minecraft:bamboo":32,"minecraft:oak_planks":13,"minecraft:soul_sand":22,"minecraft:book":144,"minecraft:oak_slab":1,"minecraft:warped_fungus":1,"minecraft:cooked_porkchop":33,"minecraft:pumpkin":45,"minecraft:quartz":64,"minecraft:dandelion":6,"minecraft:lava_bucket":2,"minecraft:sand":105,"minecraft:amethyst_shard":16,"minecraft:nether_brick_stairs":2,"minecraft:white_bed":13,"minecraft:spider_eye":4,"travelersbackpack:standard":3,"minecraft:diamond":41,"minecraft:stone_axe":13,"minecraft:iron_helmet":2,"minecraft:granite":8,"minecraft:golden_apple":5,"minecraft:bread":54,"minecraft:oak_sapling":12,"minecraft:netherrack":119,"minecraft:coal":408,"minecraft:ender_pearl":1,"minecraft:diamond_pickaxe":7},"minecraft:killed_by":{"minecraft:drowned":2,"minecraft:skeleton":6,"minecraft:witch":2,"minecraft:zombie":3},"minecraft:killed":{"minecraft:spider":6,"minecraft:skeleton":20,"minecraft:chicken":6,"minecraft:drowned":6,"minecraft:magma_cube":18,"minecraft:pig":5,"minecraft:zombie_villager":1,"minecraft:hoglin":6,"minecraft:creeper":4,"minecraft:sheep":4,"minecraft:zombie":31,"minecraft:blaze":2,"minecraft:cow":36},"minecraft:custom":{"minecraft:interact_with_smithing_table":13,"minecraft:mob_kills":145,"minecraft:interact_with_crafting_table":107,"minecraft:bell_ring":2,"minecraft:leave_game":13,"minecraft:time_since_death":19361,"minecraft:climb_one_cm":1352,"minecraft:sprint_one_cm":847881,"minecraft:walk_one_cm":560704,"minecraft:damage_blocked_by_shield":3510,"minecraft:drop":187,"minecraft:talked_to_villager":8,"minecraft:play_time":418393,"minecraft:sneak_time":13769,"minecraft:deaths":20,"minecraft:walk_under_water_one_cm":34174,"minecraft:boat_one_cm":780044,"minecraft:interact_with_brewingstand":1,"minecraft:jump":7113,"minecraft:interact_with_blast_furnace":4,"minecraft:walk_on_water_one_cm":58808,"minecraft:total_world_time":418393,"minecraft:interact_with_furnace":113,"minecraft:traded_with_villager":1,"minecraft:interact_with_stonecutter":1,"minecraft:sleep_in_bed":17,"minecraft:time_since_rest":19394,"minecraft:damage_taken":11618,"minecraft:damage_dealt":20956,"minecraft:swim_one_cm":51793,"minecraft:fly_one_cm":1319385,"minecraft:open_chest":358,"minecraft:crouch_one_cm":34792,"minecraft:fall_one_cm":218467,"minecraft:interact_with_smoker":78,"minecraft:use_cauldron":1}},"DataVersion":3953}