{"stats":{"minecraft:mined":{"minecraft:white_bed":10,"minecraft:obsidian":14,"minecraft:granite":17,"minecraft:chiseled_polished_blackstone":8,"minecraft:crimson_trapdoor":9,"minecraft:hopper":5,"minecraft:nether_wart":36,"minecraft:chiseled_stone_bricks":115,"minecraft:spawner":1,"minecraft:polished_blackstone_bricks":3,"minecraft:weeping_vines_plant":1,"minecraft:cobbled_deepslate":12,"minecraft:fire":18,"minecraft:fletching_table":3,"minecraft:deepslate_lapis_ore":35,"minecraft:nether_brick_stairs":2,"minecraft:sculk_shrieker":24,"minecraft:dirt_path":32,"minecraft:small_amethyst_bud":2,"minecraft:orange_bed":5,"minecraft:cut_sandstone":14,"minecraft:red_bed":2,"minecraft:smoker":4,"minecraft:crimson_nylium":26,"minecraft:soul_fire":7,"minecraft:amethyst_cluster":4,"minecraft:torch":12,"minecraft:blast_furnace":2,"minecraft:dead_bush":1,"minecraft:glass":1,"minecraft:sugar_cane":488,"minecraft:mud":1,"minecraft:wheat":81,"minecraft:waxed_copper_block":1,"minecraft:warped_fungus":1,"minecraft:stonecutter":1,"minecraft:deepslate":459,"minecraft:crafter":2,"minecraft:nether_bricks":5,"minecraft:crimson_roots":1,"minecraft:redstone_wire":29,"minecraft:redstone_ore":12,"minecraft:andesite":11,"minecraft:potatoes":56,"minecraft:bamboo":188,"minecraft:bone_block":68,"minecraft:white_wool":9,"minecraft:smithing_table":2,"minecraft:oak_slab":1,"minecraft:soul_sand":25,"minecraft:dandelion":6,"minecraft:short_grass":193,"minecraft:crimson_slab":11,"minecraft:tall_grass":14,"minecraft:deepslate_gold_ore":145,"minecraft:diorite":67,"minecraft:white_carpet":3,"minecraft:birch_leaves":15,"minecraft:quartz_pillar":1,"minecraft:gravel":51,"minecraft:cobweb":2,"minecraft:polished_blackstone":2,"minecraft:gold_ore":12,"minecraft:large_amethyst_bud":1,"minecraft:stone_pressure_plate":1,"minecraft:sculk_vein":3,"minecraft:brewing_stand":1,"minecraft:budding_amethyst":2,"minecraft:grass_block":3038,"minecraft:cracked_polished_blackstone_bricks":3,"minecraft:soul_soil":71,"minecraft:polished_diorite":2,"minecraft:tuff_bricks":19,"minecraft:smooth_stone":1,"minecraft:glowstone":4,"minecraft:sculk_catalyst":2,"minecraft:iron_ore":63,"minecraft:pointed_dripstone":10,"minecraft:deepslate_redstone_ore":115,"minecraft:blackstone":1224,"minecraft:medium_amethyst_bud":2,"minecraft:orange_terracotta":1,"minecraft:chest":18,"minecraft:nether_quartz_ore":540,"minecraft:oak_planks":4,"minecraft:wall_torch":6,"minecraft:cauldron":2,"minecraft:seagrass":1,"minecraft:warped_nylium":12,"minecraft:nether_wart_block":6,"minecraft:yellow_wool":9,"minecraft:birch_log":291,"minecraft:tnt":9,"minecraft:oak_log":1072,"minecraft:sand":2879,"minecraft:dirt":2409,"minecraft:crimson_planks":15,"minecraft:netherrack":1271,"minecraft:oak_leaves":216,"minecraft:nether_gold_ore":208,"minecraft:tuff":47,"minecraft:deepslate_diamond_ore":88,"minecraft:lever":7,"minecraft:decorated_pot":14,"minecraft:sandstone":3,"minecraft:crimson_stem":91,"minecraft:hay_block":56,"minecraft:deepslate_brick_slab":4,"minecraft:oak_trapdoor":59,"minecraft:furnace":6,"minecraft:carrots":84,"minecraft:polished_basalt":2,"minecraft:nether_sprouts":1,"minecraft:gold_block":21,"minecraft:bell":1,"minecraft:bookshelf":8,"minecraft:deepslate_iron_ore":143,"minecraft:stone":1233,"minecraft:scaffolding":12,"minecraft:basalt":116,"minecraft:oak_fence":3,"minecraft:crafting_table":7,"minecraft:sculk_sensor":6,"minecraft:lectern":113,"minecraft:lapis_ore":3,"minecraft:polished_blackstone_brick_stairs":10,"minecraft:sculk":14,"minecraft:cactus":10,"minecraft:redstone_torch":1,"minecraft:yellow_bed":4,"minecraft:coal_ore":163},"minecraft:custom":{"minecraft:interact_with_crafting_table":211,"minecraft:open_barrel":5,"minecraft:bell_ring":2,"minecraft:leave_game":24,"minecraft:time_since_death":739277,"minecraft:damage_blocked_by_shield":11052,"minecraft:play_time":1760784,"minecraft:deaths":24,"minecraft:jump":22456,"minecraft:interact_with_furnace":336,"minecraft:traded_with_villager":1439,"minecraft:sleep_in_bed":40,"minecraft:damage_dealt":76527,"minecraft:interact_with_smoker":87,"minecraft:use_cauldron":38,"minecraft:inspect_dispenser":13,"minecraft:horse_one_cm":209664,"minecraft:interact_with_smithing_table":19,"minecraft:interact_with_anvil":15,"minecraft:inspect_hopper":14,"minecraft:sneak_time":110568,"minecraft:interact_with_blast_furnace":84,"minecraft:total_world_time":1760784,"minecraft:interact_with_stonecutter":19,"minecraft:time_since_rest":91372,"minecraft:swim_one_cm":114481,"minecraft:fly_one_cm":5128726,"minecraft:open_chest":1432,"minecraft:fall_one_cm":589868,"minecraft:sprint_one_cm":3160992,"minecraft:drop":474,"minecraft:talked_to_villager":1140,"minecraft:interact_with_brewingstand":50,"minecraft:walk_on_water_one_cm":105490,"minecraft:crouch_one_cm":550527,"minecraft:mob_kills":564,"minecraft:climb_one_cm":98721,"minecraft:walk_one_cm":2932152,"minecraft:walk_under_water_one_cm":62637,"minecraft:boat_one_cm":851252,"minecraft:interact_with_grindstone":7,"minecraft:damage_taken":22584,"minecraft:damage_absorbed":275},"minecraft:dropped":{"minecraft:cooked_beef":14,"minecraft:diamond":3,"minecraft:crafting_table":1,"minecraft:cooked_porkchop":6,"minecraft:crossbow":1,"minecraft:warped_roots":2,"minecraft:saddle":1,"minecraft:dirt":1,"minecraft:melon":16,"minecraft:white_wool":1,"minecraft:bone":7,"minecraft:stone_axe":1,"minecraft:birch_sapling":5,"minecraft:rotten_flesh":12,"minecraft:enchanted_golden_apple":1,"minecraft:waxed_copper_block":1,"minecraft:egg":1,"minecraft:enchanted_book":1,"minecraft:golden_boots":3,"minecraft:wheat_seeds":15,"minecraft:golden_horse_armor":1,"minecraft:iron_helmet":1,"minecraft:coal":6,"minecraft:golden_carrot":1,"minecraft:wooden_axe":2,"minecraft:rose_bush":1,"minecraft:potion":4,"minecraft:iron_shovel":1,"minecraft:string":2,"minecraft:soul_soil":3,"minecraft:stone_sword":2,"minecraft:deepslate":1,"minecraft:diamond_hoe":1,"minecraft:stone_shovel":1,"minecraft:iron_boots":1,"minecraft:nether_bricks":3,"minecraft:shears":1,"minecraft:diamond_sword":2,"minecraft:potato":1,"minecraft:diamond_pickaxe":3,"minecraft:stone_pressure_plate":1,"minecraft:spider_eye":1,"minecraft:bamboo":2,"minecraft:bow":41,"minecraft:guster_pottery_sherd":1,"minecraft:soul_sand":4,"minecraft:oak_log":7,"minecraft:ender_pearl":2,"minecraft:decorated_pot":13,"minecraft:leather":13,"travelersbackpack:standard":1,"minecraft:cracked_polished_blackstone_bricks":1,"minecraft:cut_sandstone":14,"minecraft:snowball":1,"minecraft:polished_blackstone_bricks":1,"minecraft:birch_log":7,"minecraft:gravel":2,"minecraft:blackstone":1,"minecraft:carrot":6,"travelersbackpack:hay":2,"minecraft:poppy":1,"minecraft:gunpowder":1,"minecraft:chest":1,"minecraft:arrow":5,"minecraft:netherrack":273,"minecraft:bread":151,"minecraft:golden_helmet":2,"minecraft:bookshelf":1,"minecraft:stick":6,"minecraft:diorite":20,"minecraft:torch":38,"minecraft:iron_leggings":1,"minecraft:orange_bed":1,"minecraft:cactus":6,"minecraft:bucket":3,"minecraft:dandelion":4,"minecraft:polished_diorite":1,"minecraft:kelp":6,"minecraft:blaze_rod":3,"minecraft:tuff":11,"minecraft:shield":3,"minecraft:trial_key":2,"minecraft:orange_terracotta":1,"minecraft:iron_chestplate":1,"minecraft:andesite":7,"minecraft:golden_leggings":1,"minecraft:golden_sword":1,"minecraft:stone_pickaxe":1,"minecraft:wooden_pickaxe":2,"minecraft:brick":19},"minecraft:picked_up":{"minecraft:wooden_axe":1,"minecraft:iron_chestplate":11,"minecraft:diamond_sword":6,"minecraft:smithing_table":4,"minecraft:lead":7,"minecraft:enchanted_book":1,"minecraft:golden_shovel":3,"minecraft:brewing_stand":6,"minecraft:polished_blackstone_brick_stairs":10,"minecraft:music_disc_cat":1,"minecraft:string":95,"minecraft:soul_soil":71,"minecraft:cooked_salmon":2,"minecraft:diamond_leggings":2,"minecraft:gold_nugget":1797,"minecraft:cobbled_deepslate":743,"minecraft:trial_key":12,"minecraft:enchanted_golden_apple":1,"minecraft:melon_slice":31,"minecraft:golden_helmet":2,"minecraft:golden_chestplate":5,"minecraft:cauldron":2,"minecraft:orange_bed":5,"minecraft:stone_sword":11,"minecraft:honey_bottle":2,"minecraft:polished_basalt":2,"minecraft:glowstone":4,"minecraft:blaze_rod":7,"minecraft:snowball":9,"minecraft:birch_log":317,"minecraft:cooked_beef":193,"minecraft:feather":70,"minecraft:water_bucket":8,"minecraft:brown_wool":1,"minecraft:smoker":5,"minecraft:flint":7,"minecraft:stonecutter":1,"minecraft:diamond_helmet":1,"minecraft:chiseled_polished_blackstone":8,"minecraft:ink_sac":10,"minecraft:deepslate":27,"minecraft:lever":8,"minecraft:granite":22,"minecraft:bread":64,"minecraft:music_disc_precipice":1,"minecraft:diamond_pickaxe":16,"minecraft:bricks":16,"minecraft:crimson_roots":1,"minecraft:mud":1,"minecraft:crafting_table":10,"travelersbackpack:hay":2,"minecraft:ominous_bottle":2,"minecraft:nether_wart":79,"minecraft:crimson_trapdoor":9,"minecraft:wind_charge":8,"minecraft:cornflower":2,"minecraft:red_bed":2,"minecraft:flint_and_steel":4,"minecraft:white_carpet":3,"minecraft:iron_shovel":1,"minecraft:polished_blackstone_wall":2,"minecraft:deepslate_diamond_ore":2,"minecraft:beef":178,"minecraft:poppy":3,"minecraft:guster_pottery_sherd":1,"minecraft:chest":24,"minecraft:birch_sapling":48,"minecraft:egg":17,"minecraft:sandstone":3,"minecraft:stone":941,"minecraft:carrot":452,"minecraft:redstone":954,"minecraft:tnt":8,"minecraft:stone_shovel":3,"minecraft:diamond_chestplate":1,"minecraft:cooked_cod":8,"minecraft:decorated_pot":13,"minecraft:shears":1,"minecraft:diamond_boots":1,"minecraft:hay_block":143,"minecraft:gold_ingot":115,"minecraft:polished_blackstone":3,"minecraft:tuff_bricks":17,"minecraft:mutton":60,"minecraft:crimson_slab":11,"minecraft:bone_block":65,"minecraft:white_wool":97,"minecraft:rail":2,"minecraft:oxeye_daisy":1,"minecraft:crafter":2,"minecraft:filled_map":1,"minecraft:oak_log":1274,"minecraft:golden_boots":5,"minecraft:paper":195,"minecraft:white_banner":1,"minecraft:apple":66,"minecraft:kelp":6,"minecraft:stone_pickaxe":8,"minecraft:iron_ore":1,"minecraft:gravel":49,"travelersbackpack:standard":3,"minecraft:diamond_shovel":1,"minecraft:slime_ball":2,"minecraft:stone_axe":13,"minecraft:polished_diorite":3,"minecraft:diamond_axe":3,"minecraft:gray_wool":1,"minecraft:polished_blackstone_brick_wall":2,"minecraft:warped_roots":2,"minecraft:baked_potato":6,"minecraft:hopper":5,"minecraft:ender_pearl":25,"minecraft:wheat":77,"minecraft:yellow_wool":9,"minecraft:potion":5,"minecraft:crimson_planks":15,"travelersbackpack:emerald":1,"minecraft:deepslate_lapis_ore":5,"minecraft:iron_leggings":9,"minecraft:red_sand":1,"minecraft:smooth_stone":1,"minecraft:bucket":3,"minecraft:rose_bush":1,"minecraft:redstone_torch":1,"minecraft:deepslate_iron_ore":1,"minecraft:iron_boots":6,"minecraft:furnace":13,"minecraft:stick":228,"minecraft:oak_fence":3,"minecraft:torch":401,"minecraft:porkchop":21,"minecraft:diorite":115,"minecraft:pointed_dripstone":43,"minecraft:nether_gold_ore":1,"minecraft:cactus":12,"minecraft:rotten_flesh":218,"minecraft:obsidian":14,"minecraft:cobblestone":523,"minecraft:magma_cream":12,"minecraft:andesite":17,"minecraft:golden_leggings":1,"minecraft:potato":257,"minecraft:tuff":80,"minecraft:lapis_lazuli":566,"minecraft:dirt":4583,"minecraft:glass":101,"minecraft:bone":348,"travelersbackpack:backpack_tank":2,"minecraft:bow":21,"minecraft:wheat_seeds":379,"minecraft:raw_gold":440,"minecraft:bell":1,"minecraft:fletching_table":3,"minecraft:bamboo":1860,"minecraft:oak_planks":26,"minecraft:cooked_porkchop":33,"minecraft:sand":2867,"minecraft:nether_brick_stairs":2,"minecraft:grass_block":1,"minecraft:diamond":197,"minecraft:cracked_polished_blackstone_bricks":3,"minecraft:crossbow":2,"minecraft:breeze_rod":3,"minecraft:bone_meal":1,"minecraft:golden_apple":23,"minecraft:emerald":10,"minecraft:oak_sapling":264,"minecraft:netherrack":1270,"minecraft:charcoal":2,"minecraft:chicken":6,"minecraft:wooden_pickaxe":1,"minecraft:gold_block":21,"minecraft:brick":185,"minecraft:shield":10,"minecraft:oak_trapdoor":59,"minecraft:iron_axe":1,"minecraft:blackstone":1246,"minecraft:oak_boat":6,"minecraft:lectern":122,"minecraft:sugar_cane":917,"minecraft:phantom_membrane":14,"minecraft:raw_iron":444,"minecraft:polished_blackstone_bricks":3,"minecraft:quartz_pillar":1,"minecraft:stone_pressure_plate":1,"travelersbackpack:hose":1,"minecraft:arrow":337,"minecraft:nether_bricks":5,"minecraft:saddle":1,"minecraft:glistering_melon_slice":11,"minecraft:basalt":110,"minecraft:golden_carrot":2,"minecraft:glow_ink_sac":14,"minecraft:crimson_stem":103,"minecraft:salmon":17,"minecraft:cut_sandstone":14,"minecraft:leather":208,"minecraft:birch_planks":8,"minecraft:waxed_copper_block":1,"minecraft:yellow_bed":4,"minecraft:nether_wart_block":6,"minecraft:gunpowder":118,"minecraft:orange_terracotta":1,"minecraft:cooked_mutton":8,"minecraft:coast_armor_trim_smithing_template":12,"minecraft:heart_of_the_sea":5,"minecraft:iron_ingot":46,"minecraft:cooked_chicken":5,"minecraft:soul_sand":26,"minecraft:book":144,"minecraft:scaffolding":18,"minecraft:oak_slab":1,"minecraft:warped_fungus":1,"minecraft:pumpkin":45,"minecraft:chiseled_stone_bricks":93,"minecraft:quartz":1116,"minecraft:dandelion":24,"minecraft:lava_bucket":2,"minecraft:amethyst_shard":16,"minecraft:soul_torch":15,"minecraft:blast_furnace":2,"minecraft:white_bed":13,"minecraft:spider_eye":44,"minecraft:iron_helmet":4,"minecraft:black_wool":2,"minecraft:coal":487},"minecraft:killed_by":{"minecraft:zombie":5,"minecraft:warden":1,"minecraft:creeper":1,"minecraft:drowned":2,"minecraft:witch":2,"minecraft:skeleton":6},"minecraft:used":{"minecraft:dispenser":4,"minecraft:polished_blackstone":6,"minecraft:ladder":22,"minecraft:chest":77,"minecraft:stone":56,"minecraft:crafter":8,"minecraft:deepslate_brick_slab":7,"travelersbackpack:emerald":1,"minecraft:lava_bucket":24,"minecraft:quartz_pillar":25,"minecraft:villager_spawn_egg":15,"minecraft:grass_block":16,"minecraft:stone_brick_stairs":413,"minecraft:bow":147,"minecraft:furnace":8,"minecraft:cooked_cod":4,"minecraft:egg":4,"minecraft:potato":56,"minecraft:short_grass":1,"minecraft:cactus":2,"minecraft:wooden_pickaxe":3,"minecraft:golden_apple":9,"minecraft:sand":24,"minecraft:chiseled_quartz_block":4,"minecraft:bamboo_button":1,"minecraft:deepslate_iron_ore":1,"minecraft:lectern":682,"minecraft:diamond_sword":777,"minecraft:smithing_table":2,"minecraft:oak_boat":2,"minecraft:oak_trapdoor":411,"minecraft:stone_sword":481,"minecraft:cooked_salmon":3,"minecraft:netherrack":366,"minecraft:trial_key":6,"minecraft:orange_bed":6,"minecraft:torch":688,"minecraft:golden_shovel":10,"minecraft:oak_fence_gate":13,"minecraft:polished_diorite":2,"minecraft:bamboo":62,"minecraft:diamond_chestplate":1,"minecraft:basalt":10,"minecraft:glowstone":4,"travelersbackpack:hose":4,"minecraft:cobbled_deepslate":187,"minecraft:observer":9,"minecraft:pointed_dripstone":8,"minecraft:crimson_stem":8,"minecraft:wheat_seeds":82,"minecraft:water_bucket":212,"minecraft:lead":4,"minecraft:cauldron":9,"minecraft:fletching_table":9,"minecraft:polished_blackstone_bricks":10,"minecraft:comparator":3,"minecraft:oak_slab":5,"minecraft:crafting_table":12,"minecraft:red_bed":2,"minecraft:crimson_trapdoor":68,"minecraft:white_bed":29,"minecraft:oak_log":5,"minecraft:diamond_pickaxe":6244,"minecraft:diamond_shovel":7893,"minecraft:wind_charge":1,"minecraft:iron_pickaxe":250,"minecraft:chiseled_stone_bricks":1318,"minecraft:cobblestone":63,"minecraft:potion":12,"travelersbackpack:standard":13,"minecraft:crimson_stairs":14,"minecraft:cooked_porkchop":3,"minecraft:dandelion":24,"minecraft:diamond_leggings":2,"travelersbackpack:lapis":3,"minecraft:diamond_hoe":111,"minecraft:oak_sign":11,"minecraft:polished_basalt":18,"minecraft:shield":164,"minecraft:nether_wart":16,"minecraft:bell":1,"minecraft:soul_campfire":13,"minecraft:iron_chestplate":1,"minecraft:nether_bricks":2,"minecraft:carrot":84,"minecraft:tuff":18,"minecraft:glass":69,"minecraft:iron_helmet":1,"minecraft:deepslate_diamond_ore":2,"minecraft:repeater":4,"minecraft:redstone_lamp":4,"minecraft:scaffolding":139,"minecraft:chiseled_polished_blackstone":16,"minecraft:diamond_boots":1,"minecraft:stone_pickaxe":81,"minecraft:oak_planks":14,"minecraft:ender_pearl":20,"minecraft:sandstone":3,"minecraft:sugar_cane":52,"minecraft:diamond_axe":2024,"minecraft:deepslate_lapis_ore":5,"minecraft:redstone_torch":2,"minecraft:sticky_piston":5,"minecraft:lever":17,"minecraft:bread":18,"minecraft:deepslate":1,"minecraft:gravel":30,"minecraft:golden_helmet":1,"minecraft:air":1,"minecraft:oak_fence":5,"minecraft:stone_shovel":307,"minecraft:redstone":46,"minecraft:cooked_chicken":6,"minecraft:dirt":1006,"minecraft:white_carpet":39,"minecraft:hopper":30,"minecraft:diamond_helmet":1,"minecraft:golden_chestplate":1,"minecraft:wooden_axe":11,"minecraft:bamboo_raft":1,"minecraft:bookshelf":1,"minecraft:crimson_slab":26,"minecraft:polished_blackstone_brick_stairs":42,"minecraft:crimson_planks":342,"minecraft:golden_carrot":53,"minecraft:soul_soil":4,"minecraft:cooked_beef":162,"minecraft:iron_leggings":1,"minecraft:cooked_mutton":8,"minecraft:iron_ore":1,"minecraft:glass_bottle":16,"minecraft:baked_potato":4,"minecraft:birch_boat":1,"minecraft:stonecutter":13,"minecraft:smoker":7,"minecraft:nether_gold_ore":1,"minecraft:stone_axe":126,"minecraft:bucket":179,"minecraft:yellow_bed":7,"minecraft:smooth_stone":222,"minecraft:splash_potion":2,"minecraft:soul_torch":14},"minecraft:killed":{"minecraft:cave_spider":1,"minecraft:skeleton":152,"minecraft:chicken":6,"minecraft:magma_cube":62,"minecraft:parrot":1,"minecraft:salmon":17,"minecraft:iron_golem":5,"minecraft:pillager":5,"minecraft:zombie":82,"minecraft:cow":37,"minecraft:husk":1,"minecraft:breeze":2,"minecraft:enderman":12,"minecraft:spider":30,"minecraft:silverfish":8,"minecraft:piglin_brute":2,"minecraft:piglin":8,"minecraft:pig":5,"minecraft:zombie_villager":4,"minecraft:creeper":54,"minecraft:sheep":15,"minecraft:ghast":4,"minecraft:blaze":4,"minecraft:slime":7,"minecraft:phantom":14,"minecraft:drowned":6,"minecraft:hoglin":6,"minecraft:squid":3,"minecraft:wither_skeleton":2},"minecraft:broken":{"minecraft:stone_sword":2,"minecraft:shield":1,"minecraft:iron_pickaxe":1,"minecraft:stone_pickaxe":1,"minecraft:stone_axe":1,"minecraft:stone_shovel":2},"minecraft:crafted":{"minecraft:black_dye":10,"minecraft:smooth_stone":765,"minecraft:birch_boat":1,"minecraft:blaze_powder":2,"minecraft:lever":4,"minecraft:lime_glazed_terracotta":24,"minecraft:bookshelf":36,"minecraft:cooked_mutton":16,"minecraft:glass":33,"minecraft:quartz_block":383,"minecraft:diamond_helmet":1,"minecraft:diamond_leggings":1,"minecraft:white_glazed_terracotta":12,"minecraft:bamboo_raft":1,"minecraft:glass_bottle":9,"minecraft:redstone_lamp":4,"minecraft:deepslate":13,"minecraft:emerald":394,"minecraft:cooked_porkchop":10,"minecraft:soul_campfire":4,"minecraft:diamond_axe":1,"travelersbackpack:lapis":1,"travelersbackpack:standard":3,"minecraft:smithing_table":1,"minecraft:clock":1,"minecraft:fletching_table":2,"minecraft:lectern":5,"minecraft:crafter":1,"minecraft:iron_pickaxe":2,"minecraft:iron_block":20,"minecraft:gold_ingot":684,"minecraft:golden_carrot":64,"minecraft:stone_shovel":3,"minecraft:crimson_trapdoor":8,"minecraft:yellow_bed":3,"travelersbackpack:blank_upgrade":4,"minecraft:white_carpet":48,"travelersbackpack:gold_tier_upgrade":1,"minecraft:terracotta":192,"minecraft:lantern":24,"travelersbackpack:white_sleeping_bag":1,"minecraft:polished_diorite":192,"minecraft:stone_pickaxe":2,"minecraft:diamond_boots":1,"minecraft:redstone_block":21,"minecraft:lead":2,"minecraft:golden_helmet":1,"minecraft:wheat":387,"minecraft:dripstone_block":64,"minecraft:light_gray_terracotta":36,"minecraft:crimson_slab":30,"minecraft:deepslate_brick_slab":42,"minecraft:polished_granite":64,"minecraft:glowstone":8,"minecraft:enchanted_book":2,"minecraft:golden_apple":21,"minecraft:wooden_axe":1,"minecraft:iron_leggings":1,"minecraft:white_bed":9,"minecraft:brick":2560,"minecraft:oak_planks":5144,"minecraft:cooked_chicken":4,"minecraft:sand":8,"minecraft:stone":538,"minecraft:suspicious_stew":1,"minecraft:hopper":7,"minecraft:bow":1,"minecraft:iron_boots":1,"minecraft:cyan_terracotta":12,"minecraft:polished_basalt":104,"minecraft:chest":30,"minecraft:chiseled_stone_bricks":1244,"minecraft:oak_fence":3,"minecraft:smoker":2,"minecraft:dropper":1,"minecraft:oak_slab":12,"travelersbackpack:iron_tier_upgrade":1,"minecraft:cauldron":3,"minecraft:crafting_table":7,"minecraft:wooden_pickaxe":1,"minecraft:iron_helmet":1,"minecraft:gold_block":33,"minecraft:birch_planks":128,"minecraft:apple":64,"minecraft:book":3,"minecraft:iron_chestplate":1,"minecraft:paper":291,"minecraft:diamond_pickaxe":3,"minecraft:charcoal":7,"minecraft:shield":7,"minecraft:gray_terracotta":12,"minecraft:stick":7288,"minecraft:iron_ingot":377,"minecraft:stone_sword":7,"minecraft:shears":1,"minecraft:blue_terracotta":12,"minecraft:polished_andesite":256,"minecraft:gray_glazed_terracotta":12,"minecraft:redstone":27,"minecraft:bamboo_button":1,"minecraft:furnace":5,"travelersbackpack:villager":1,"minecraft:oak_trapdoor":406,"minecraft:scaffolding":180,"minecraft:cooked_beef":96,"minecraft:sugar":1,"minecraft:crimson_planks":196,"travelersbackpack:backpack_tank":4,"minecraft:bucket":8,"minecraft:stone_axe":3,"minecraft:air":0,"minecraft:bread":132,"minecraft:oak_boat":1,"minecraft:white_wool":3,"minecraft:gold_nugget":549,"minecraft:torch":460,"minecraft:diamond_chestplate":1}},"DataVersion":3953}