{"stats":{"minecraft:dropped":{"minecraft:soul_sand":4,"minecraft:cooked_beef":14,"minecraft:oak_log":7,"minecraft:ender_pearl":2,"minecraft:diamond":3,"minecraft:crafting_table":1,"minecraft:cooked_porkchop":6,"minecraft:decorated_pot":13,"minecraft:crossbow":1,"minecraft:warped_roots":2,"minecraft:leather":13,"minecraft:saddle":1,"travelersbackpack:standard":1,"minecraft:cracked_polished_blackstone_bricks":1,"minecraft:dirt":1,"minecraft:melon":16,"minecraft:cut_sandstone":14,"minecraft:snowball":1,"minecraft:polished_blackstone_bricks":1,"minecraft:birch_log":7,"minecraft:white_wool":1,"minecraft:bone":7,"minecraft:gravel":2,"minecraft:stone_axe":1,"minecraft:blackstone":1,"minecraft:birch_sapling":5,"minecraft:rotten_flesh":3,"minecraft:enchanted_golden_apple":1,"minecraft:waxed_copper_block":1,"minecraft:carrot":6,"travelersbackpack:hay":2,"minecraft:gunpowder":1,"minecraft:chest":1,"minecraft:arrow":5,"minecraft:netherrack":273,"minecraft:egg":1,"minecraft:enchanted_book":1,"minecraft:golden_boots":3,"minecraft:bread":151,"minecraft:wheat_seeds":3,"minecraft:golden_helmet":2,"minecraft:golden_horse_armor":1,"minecraft:bookshelf":1,"minecraft:coal":6,"minecraft:stick":6,"minecraft:diorite":20,"minecraft:torch":38,"minecraft:wooden_axe":2,"minecraft:potion":4,"minecraft:iron_leggings":1,"minecraft:cactus":6,"minecraft:orange_bed":1,"minecraft:iron_shovel":1,"minecraft:string":2,"minecraft:bucket":3,"minecraft:dandelion":4,"minecraft:polished_diorite":1,"minecraft:kelp":6,"minecraft:soul_soil":2,"minecraft:stone_sword":2,"minecraft:blaze_rod":3,"minecraft:deepslate":1,"minecraft:tuff":11,"minecraft:diamond_hoe":1,"minecraft:stone_shovel":1,"minecraft:iron_boots":1,"minecraft:nether_bricks":3,"minecraft:shears":1,"minecraft:diamond_sword":2,"minecraft:potato":1,"minecraft:shield":3,"minecraft:trial_key":2,"minecraft:orange_terracotta":1,"minecraft:diamond_pickaxe":3,"minecraft:iron_chestplate":1,"minecraft:andesite":7,"minecraft:golden_leggings":1,"minecraft:golden_sword":1,"minecraft:stone_pressure_plate":1,"minecraft:spider_eye":1,"minecraft:bow":41,"minecraft:stone_pickaxe":1,"minecraft:wooden_pickaxe":2,"minecraft:brick":19,"minecraft:guster_pottery_sherd":1},"minecraft:custom":{"minecraft:interact_with_crafting_table":193,"minecraft:open_barrel":5,"minecraft:bell_ring":2,"minecraft:leave_game":22,"minecraft:time_since_death":479002,"minecraft:sprint_one_cm":2899882,"minecraft:damage_blocked_by_shield":10962,"minecraft:drop":446,"minecraft:talked_to_villager":1112,"minecraft:play_time":1500509,"minecraft:deaths":24,"minecraft:jump":20378,"minecraft:interact_with_brewingstand":50,"minecraft:walk_on_water_one_cm":97549,"minecraft:interact_with_furnace":207,"minecraft:traded_with_villager":1232,"minecraft:sleep_in_bed":36,"minecraft:damage_dealt":73676,"minecraft:crouch_one_cm":511265,"minecraft:interact_with_smithing_table":19,"minecraft:inspect_dispenser":9,"minecraft:horse_one_cm":193013,"minecraft:interact_with_smoker":87,"minecraft:use_cauldron":21,"minecraft:interact_with_anvil":15,"minecraft:mob_kills":541,"minecraft:inspect_hopper":8,"minecraft:climb_one_cm":94219,"minecraft:walk_one_cm":2499826,"minecraft:sneak_time":101447,"minecraft:walk_under_water_one_cm":62516,"minecraft:boat_one_cm":851252,"minecraft:interact_with_blast_furnace":84,"minecraft:total_world_time":1500509,"minecraft:interact_with_stonecutter":9,"minecraft:interact_with_grindstone":6,"minecraft:time_since_rest":48970,"minecraft:damage_absorbed":275,"minecraft:damage_taken":22215,"minecraft:swim_one_cm":114481,"minecraft:fly_one_cm":3968944,"minecraft:open_chest":1231,"minecraft:fall_one_cm":555573},"minecraft:crafted":{"minecraft:brick":1920,"minecraft:black_dye":10,"minecraft:smooth_stone":64,"minecraft:oak_planks":4836,"minecraft:cooked_chicken":4,"minecraft:blaze_powder":2,"minecraft:birch_boat":1,"minecraft:sand":8,"minecraft:stone":528,"minecraft:lime_glazed_terracotta":24,"minecraft:bookshelf":12,"minecraft:cooked_mutton":16,"minecraft:suspicious_stew":1,"minecraft:quartz_block":323,"minecraft:glass":33,"minecraft:hopper":7,"minecraft:diamond_helmet":1,"minecraft:diamond_leggings":1,"minecraft:bow":1,"minecraft:iron_boots":1,"minecraft:white_glazed_terracotta":12,"minecraft:cyan_terracotta":12,"minecraft:chest":22,"minecraft:chiseled_stone_bricks":1244,"minecraft:oak_fence":3,"minecraft:bamboo_raft":1,"minecraft:smoker":2,"minecraft:glass_bottle":9,"minecraft:dropper":1,"minecraft:oak_slab":12,"minecraft:deepslate":13,"travelersbackpack:iron_tier_upgrade":1,"minecraft:emerald":349,"minecraft:cauldron":3,"minecraft:soul_campfire":4,"minecraft:cooked_porkchop":10,"minecraft:diamond_axe":1,"minecraft:crafting_table":7,"travelersbackpack:lapis":1,"minecraft:wooden_pickaxe":1,"travelersbackpack:standard":3,"minecraft:iron_helmet":1,"minecraft:smithing_table":1,"minecraft:fletching_table":2,"minecraft:gold_block":33,"minecraft:birch_planks":128,"minecraft:apple":64,"minecraft:lectern":5,"minecraft:iron_chestplate":1,"minecraft:book":3,"minecraft:paper":291,"minecraft:charcoal":7,"minecraft:diamond_pickaxe":3,"minecraft:shield":7,"minecraft:gray_terracotta":12,"minecraft:stick":6776,"minecraft:crafter":1,"minecraft:iron_ingot":377,"minecraft:iron_pickaxe":2,"minecraft:iron_block":20,"minecraft:stone_sword":7,"minecraft:gold_ingot":684,"minecraft:shears":1,"minecraft:blue_terracotta":12,"minecraft:polished_andesite":256,"minecraft:golden_carrot":64,"minecraft:gray_glazed_terracotta":12,"minecraft:stone_shovel":3,"minecraft:crimson_trapdoor":8,"minecraft:furnace":5,"minecraft:bamboo_button":1,"minecraft:yellow_bed":3,"minecraft:white_carpet":48,"travelersbackpack:blank_upgrade":4,"travelersbackpack:gold_tier_upgrade":1,"minecraft:oak_trapdoor":406,"minecraft:scaffolding":180,"minecraft:lantern":12,"travelersbackpack:white_sleeping_bag":1,"minecraft:polished_diorite":192,"minecraft:stone_pickaxe":2,"minecraft:diamond_boots":1,"minecraft:redstone_block":21,"minecraft:lead":2,"minecraft:golden_helmet":1,"minecraft:wheat":387,"minecraft:cooked_beef":96,"minecraft:dripstone_block":64,"minecraft:sugar":1,"minecraft:crimson_planks":164,"minecraft:light_gray_terracotta":36,"travelersbackpack:backpack_tank":4,"minecraft:crimson_slab":30,"minecraft:deepslate_brick_slab":42,"minecraft:polished_granite":64,"minecraft:bucket":7,"minecraft:stone_axe":3,"minecraft:enchanted_book":2,"minecraft:bread":132,"minecraft:air":0,"minecraft:oak_boat":1,"minecraft:white_wool":3,"minecraft:golden_apple":21,"minecraft:gold_nugget":549,"minecraft:wooden_axe":1,"minecraft:iron_leggings":1,"minecraft:white_bed":9,"minecraft:torch":460,"minecraft:diamond_chestplate":1},"minecraft:picked_up":{"minecraft:wooden_axe":1,"minecraft:iron_chestplate":11,"minecraft:wheat":54,"minecraft:yellow_wool":9,"minecraft:smithing_table":4,"minecraft:lead":6,"minecraft:diamond_sword":6,"minecraft:enchanted_book":1,"minecraft:potion":5,"minecraft:golden_shovel":3,"minecraft:crimson_planks":15,"minecraft:brewing_stand":6,"minecraft:music_disc_cat":1,"minecraft:string":95,"minecraft:soul_soil":70,"minecraft:cooked_salmon":2,"minecraft:deepslate_lapis_ore":5,"minecraft:iron_leggings":9,"minecraft:diamond_leggings":2,"minecraft:red_sand":1,"minecraft:gold_nugget":1722,"minecraft:cobbled_deepslate":743,"minecraft:bucket":3,"minecraft:trial_key":12,"minecraft:redstone_torch":1,"minecraft:enchanted_golden_apple":1,"minecraft:melon_slice":31,"minecraft:deepslate_iron_ore":1,"minecraft:iron_boots":6,"minecraft:furnace":13,"minecraft:golden_helmet":2,"minecraft:stick":218,"minecraft:oak_fence":3,"minecraft:torch":399,"minecraft:porkchop":21,"minecraft:pointed_dripstone":43,"minecraft:diorite":115,"minecraft:golden_chestplate":5,"minecraft:cauldron":2,"minecraft:orange_bed":5,"minecraft:stone_sword":11,"minecraft:cactus":8,"minecraft:honey_bottle":2,"minecraft:rotten_flesh":206,"minecraft:blaze_rod":7,"minecraft:obsidian":14,"minecraft:snowball":9,"minecraft:cobblestone":519,"minecraft:birch_log":278,"minecraft:feather":70,"minecraft:cooked_beef":193,"minecraft:magma_cream":11,"minecraft:water_bucket":8,"minecraft:andesite":17,"minecraft:brown_wool":1,"minecraft:golden_leggings":1,"minecraft:smoker":5,"minecraft:potato":154,"minecraft:flint":7,"minecraft:tuff":80,"minecraft:lapis_lazuli":566,"minecraft:dirt":3361,"minecraft:bone":341,"minecraft:glass":101,"travelersbackpack:backpack_tank":2,"minecraft:stonecutter":1,"minecraft:bow":21,"minecraft:wheat_seeds":255,"minecraft:raw_gold":440,"minecraft:bell":1,"minecraft:diamond_helmet":1,"minecraft:fletching_table":3,"minecraft:bamboo":1111,"minecraft:oak_planks":26,"minecraft:cooked_porkchop":33,"minecraft:sand":2867,"minecraft:nether_brick_stairs":2,"minecraft:ink_sac":10,"minecraft:deepslate":27,"minecraft:diamond":197,"minecraft:lever":7,"minecraft:cracked_polished_blackstone_bricks":3,"minecraft:breeze_rod":3,"minecraft:crossbow":1,"minecraft:granite":22,"minecraft:bone_meal":1,"minecraft:golden_apple":23,"minecraft:bread":64,"minecraft:emerald":10,"minecraft:music_disc_precipice":1,"minecraft:oak_sapling":252,"minecraft:netherrack":1264,"minecraft:bricks":16,"minecraft:crimson_roots":1,"minecraft:diamond_pickaxe":16,"minecraft:charcoal":2,"minecraft:mud":1,"minecraft:crafting_table":10,"travelersbackpack:hay":2,"minecraft:ominous_bottle":1,"minecraft:chicken":6,"minecraft:nether_wart":79,"minecraft:wooden_pickaxe":1,"minecraft:gold_block":21,"minecraft:crimson_trapdoor":9,"minecraft:shield":10,"minecraft:brick":185,"minecraft:wind_charge":8,"minecraft:cornflower":1,"minecraft:oak_trapdoor":59,"minecraft:red_bed":2,"minecraft:iron_axe":1,"minecraft:flint_and_steel":4,"minecraft:white_carpet":3,"minecraft:iron_shovel":1,"minecraft:blackstone":445,"minecraft:deepslate_diamond_ore":2,"minecraft:beef":178,"minecraft:oak_boat":6,"minecraft:poppy":2,"minecraft:guster_pottery_sherd":1,"minecraft:lectern":122,"minecraft:sugar_cane":822,"minecraft:chest":22,"minecraft:birch_sapling":47,"minecraft:phantom_membrane":14,"minecraft:egg":17,"minecraft:raw_iron":444,"minecraft:sandstone":3,"minecraft:stone":846,"minecraft:polished_blackstone_bricks":1,"minecraft:carrot":303,"minecraft:redstone":954,"minecraft:stone_pressure_plate":1,"travelersbackpack:hose":1,"minecraft:tnt":8,"minecraft:arrow":329,"minecraft:diamond_chestplate":1,"minecraft:stone_shovel":3,"minecraft:cooked_cod":8,"minecraft:decorated_pot":13,"minecraft:nether_bricks":5,"minecraft:shears":1,"minecraft:diamond_boots":1,"minecraft:hay_block":143,"minecraft:gold_ingot":115,"minecraft:saddle":1,"minecraft:glistering_melon_slice":11,"minecraft:tuff_bricks":17,"minecraft:mutton":60,"minecraft:white_wool":97,"minecraft:bone_block":56,"minecraft:rail":2,"minecraft:crimson_slab":11,"minecraft:basalt":19,"minecraft:crimson_stem":103,"minecraft:golden_carrot":1,"minecraft:glow_ink_sac":14,"minecraft:salmon":17,"minecraft:leather":208,"minecraft:cut_sandstone":14,"minecraft:crafter":2,"minecraft:birch_planks":8,"minecraft:filled_map":1,"minecraft:oak_log":1206,"minecraft:waxed_copper_block":1,"minecraft:golden_boots":5,"minecraft:yellow_bed":4,"minecraft:nether_wart_block":6,"minecraft:gunpowder":116,"minecraft:paper":195,"minecraft:orange_terracotta":1,"minecraft:cooked_mutton":8,"minecraft:coast_armor_trim_smithing_template":12,"minecraft:apple":64,"minecraft:kelp":6,"minecraft:heart_of_the_sea":5,"minecraft:iron_ingot":41,"minecraft:stone_pickaxe":8,"minecraft:cooked_chicken":5,"minecraft:iron_ore":1,"minecraft:soul_sand":26,"minecraft:book":144,"minecraft:scaffolding":18,"minecraft:oak_slab":1,"minecraft:warped_fungus":1,"minecraft:pumpkin":45,"minecraft:chiseled_stone_bricks":93,"minecraft:dandelion":14,"minecraft:quartz":1116,"minecraft:gravel":49,"minecraft:lava_bucket":2,"minecraft:amethyst_shard":16,"minecraft:soul_torch":15,"minecraft:blast_furnace":2,"minecraft:white_bed":13,"minecraft:spider_eye":44,"travelersbackpack:standard":3,"minecraft:diamond_shovel":1,"minecraft:slime_ball":2,"minecraft:polished_diorite":3,"minecraft:stone_axe":13,"minecraft:iron_helmet":3,"minecraft:diamond_axe":3,"minecraft:gray_wool":1,"minecraft:warped_roots":2,"minecraft:baked_potato":6,"minecraft:black_wool":2,"minecraft:coal":487,"minecraft:hopper":5,"minecraft:ender_pearl":23},"minecraft:mined":{"minecraft:large_amethyst_bud":1,"minecraft:white_bed":10,"minecraft:stone_pressure_plate":1,"minecraft:sculk_vein":3,"minecraft:brewing_stand":1,"minecraft:obsidian":14,"minecraft:budding_amethyst":2,"minecraft:granite":17,"minecraft:grass_block":2464,"minecraft:crimson_trapdoor":9,"minecraft:cracked_polished_blackstone_bricks":3,"minecraft:soul_soil":70,"minecraft:polished_diorite":2,"minecraft:hopper":5,"minecraft:nether_wart":36,"minecraft:tuff_bricks":19,"minecraft:chiseled_stone_bricks":115,"minecraft:spawner":1,"minecraft:polished_blackstone_bricks":1,"minecraft:weeping_vines_plant":1,"minecraft:sculk_catalyst":2,"minecraft:iron_ore":63,"minecraft:fire":18,"minecraft:cobbled_deepslate":12,"minecraft:deepslate_lapis_ore":35,"minecraft:fletching_table":3,"minecraft:nether_brick_stairs":2,"minecraft:sculk_shrieker":24,"minecraft:pointed_dripstone":10,"minecraft:dirt_path":30,"minecraft:small_amethyst_bud":2,"minecraft:orange_bed":5,"minecraft:cut_sandstone":14,"minecraft:deepslate_redstone_ore":115,"minecraft:red_bed":2,"minecraft:blackstone":394,"minecraft:medium_amethyst_bud":2,"minecraft:crimson_nylium":26,"minecraft:smoker":4,"minecraft:soul_fire":7,"minecraft:amethyst_cluster":4,"minecraft:orange_terracotta":1,"minecraft:torch":11,"minecraft:blast_furnace":2,"minecraft:chest":16,"minecraft:dead_bush":1,"minecraft:glass":1,"minecraft:nether_quartz_ore":540,"minecraft:oak_planks":4,"minecraft:sugar_cane":440,"minecraft:wall_torch":6,"minecraft:cauldron":2,"minecraft:seagrass":1,"minecraft:warped_nylium":12,"minecraft:nether_wart_block":6,"minecraft:mud":1,"minecraft:birch_log":252,"minecraft:yellow_wool":9,"minecraft:wheat":56,"minecraft:waxed_copper_block":1,"minecraft:warped_fungus":1,"minecraft:tnt":9,"minecraft:oak_log":1004,"minecraft:sand":2879,"minecraft:dirt":1535,"minecraft:crimson_planks":15,"minecraft:stonecutter":1,"minecraft:netherrack":1265,"minecraft:deepslate":459,"minecraft:oak_leaves":213,"minecraft:nether_gold_ore":200,"minecraft:tuff":47,"minecraft:deepslate_diamond_ore":88,"minecraft:crafter":2,"minecraft:lever":7,"minecraft:nether_bricks":5,"minecraft:decorated_pot":14,"minecraft:crimson_roots":1,"minecraft:redstone_wire":29,"minecraft:sandstone":3,"minecraft:crimson_stem":91,"minecraft:hay_block":56,"minecraft:deepslate_brick_slab":4,"minecraft:redstone_ore":12,"minecraft:oak_trapdoor":59,"minecraft:furnace":6,"minecraft:carrots":56,"minecraft:nether_sprouts":1,"minecraft:andesite":11,"minecraft:gold_block":21,"minecraft:bell":1,"minecraft:bookshelf":8,"minecraft:potatoes":28,"minecraft:deepslate_iron_ore":143,"minecraft:bamboo":130,"minecraft:stone":1129,"minecraft:bone_block":58,"minecraft:white_wool":9,"minecraft:smithing_table":2,"minecraft:oak_slab":1,"minecraft:scaffolding":12,"minecraft:soul_sand":25,"minecraft:basalt":23,"minecraft:dandelion":6,"minecraft:oak_fence":3,"minecraft:crafting_table":7,"minecraft:short_grass":188,"minecraft:crimson_slab":11,"minecraft:sculk_sensor":6,"minecraft:lectern":113,"minecraft:tall_grass":9,"minecraft:lapis_ore":3,"minecraft:deepslate_gold_ore":145,"minecraft:sculk":14,"minecraft:diorite":67,"minecraft:cactus":7,"minecraft:redstone_torch":1,"minecraft:white_carpet":3,"minecraft:birch_leaves":15,"minecraft:yellow_bed":4,"minecraft:coal_ore":163,"minecraft:gravel":51,"minecraft:cobweb":2,"minecraft:gold_ore":12},"minecraft:killed_by":{"minecraft:creeper":1,"minecraft:drowned":2,"minecraft:witch":2,"minecraft:zombie":5,"minecraft:warden":1,"minecraft:skeleton":6},"minecraft:used":{"travelersbackpack:lapis":3,"minecraft:dispenser":4,"minecraft:diamond_hoe":111,"minecraft:stone":12,"minecraft:shield":163,"minecraft:chest":45,"minecraft:soul_campfire":4,"minecraft:nether_wart":16,"minecraft:bell":1,"minecraft:iron_chestplate":1,"minecraft:nether_bricks":2,"minecraft:crafter":8,"minecraft:carrot":56,"minecraft:deepslate_brick_slab":7,"minecraft:tuff":18,"minecraft:glass":63,"minecraft:lava_bucket":23,"minecraft:villager_spawn_egg":15,"minecraft:grass_block":14,"minecraft:iron_helmet":1,"minecraft:repeater":4,"minecraft:deepslate_diamond_ore":2,"minecraft:bow":147,"minecraft:scaffolding":139,"minecraft:furnace":8,"minecraft:cooked_cod":4,"minecraft:egg":4,"minecraft:potato":28,"minecraft:cactus":2,"minecraft:oak_planks":14,"minecraft:stone_pickaxe":81,"minecraft:diamond_boots":1,"minecraft:ender_pearl":20,"minecraft:wooden_pickaxe":3,"minecraft:sandstone":3,"minecraft:sugar_cane":52,"minecraft:diamond_axe":1851,"minecraft:golden_apple":9,"minecraft:sand":24,"minecraft:deepslate_lapis_ore":5,"minecraft:bamboo_button":1,"minecraft:redstone_torch":2,"minecraft:sticky_piston":5,"minecraft:lever":12,"minecraft:deepslate_iron_ore":1,"minecraft:bread":18,"minecraft:lectern":682,"minecraft:deepslate":1,"minecraft:gravel":30,"minecraft:golden_helmet":1,"minecraft:diamond_sword":742,"minecraft:oak_fence":5,"minecraft:air":1,"minecraft:oak_trapdoor":411,"minecraft:smithing_table":2,"minecraft:oak_boat":2,"minecraft:stone_sword":481,"minecraft:stone_shovel":307,"minecraft:redstone":46,"minecraft:cooked_salmon":3,"minecraft:cooked_chicken":6,"minecraft:trial_key":6,"minecraft:netherrack":366,"minecraft:orange_bed":6,"minecraft:torch":680,"minecraft:dirt":727,"minecraft:white_carpet":39,"minecraft:hopper":21,"minecraft:diamond_helmet":1,"minecraft:golden_chestplate":1,"minecraft:golden_shovel":10,"minecraft:polished_diorite":2,"minecraft:wooden_axe":11,"minecraft:bamboo_raft":1,"minecraft:bookshelf":1,"minecraft:crimson_slab":26,"minecraft:crimson_planks":342,"minecraft:bamboo":62,"minecraft:diamond_chestplate":1,"minecraft:golden_carrot":42,"minecraft:soul_soil":4,"travelersbackpack:hose":4,"minecraft:pointed_dripstone":8,"minecraft:cooked_beef":162,"minecraft:cobbled_deepslate":187,"minecraft:observer":9,"minecraft:iron_leggings":1,"minecraft:crimson_stem":8,"minecraft:wheat_seeds":56,"minecraft:cooked_mutton":8,"minecraft:iron_ore":1,"minecraft:water_bucket":81,"minecraft:lead":4,"minecraft:glass_bottle":16,"minecraft:baked_potato":4,"minecraft:birch_boat":1,"minecraft:cauldron":9,"minecraft:fletching_table":9,"minecraft:stonecutter":13,"minecraft:comparator":3,"minecraft:crafting_table":12,"minecraft:oak_slab":5,"minecraft:crimson_trapdoor":68,"minecraft:red_bed":2,"minecraft:white_bed":29,"minecraft:smoker":7,"minecraft:oak_log":5,"minecraft:diamond_pickaxe":5101,"minecraft:diamond_shovel":6471,"minecraft:wind_charge":1,"minecraft:iron_pickaxe":250,"minecraft:chiseled_stone_bricks":1318,"minecraft:stone_axe":126,"minecraft:cobblestone":63,"minecraft:potion":12,"travelersbackpack:standard":13,"minecraft:crimson_stairs":14,"minecraft:cooked_porkchop":3,"minecraft:bucket":126,"minecraft:yellow_bed":7,"minecraft:dandelion":1,"minecraft:diamond_leggings":2,"minecraft:splash_potion":2,"minecraft:soul_torch":14},"minecraft:broken":{"minecraft:stone_pickaxe":1,"minecraft:stone_axe":1,"minecraft:stone_shovel":2,"minecraft:stone_sword":2,"minecraft:shield":1,"minecraft:iron_pickaxe":1},"minecraft:killed":{"minecraft:cave_spider":1,"minecraft:spider":30,"minecraft:skeleton":150,"minecraft:chicken":6,"minecraft:silverfish":8,"minecraft:piglin_brute":2,"minecraft:magma_cube":59,"minecraft:piglin":8,"minecraft:parrot":1,"minecraft:pig":5,"minecraft:zombie_villager":4,"minecraft:salmon":17,"minecraft:iron_golem":4,"minecraft:creeper":45,"minecraft:sheep":15,"minecraft:zombie":81,"minecraft:ghast":4,"minecraft:blaze":4,"minecraft:cow":37,"minecraft:slime":7,"minecraft:phantom":14,"minecraft:drowned":6,"minecraft:husk":1,"minecraft:hoglin":6,"minecraft:squid":3,"minecraft:breeze":2,"minecraft:wither_skeleton":2,"minecraft:enderman":11}},"DataVersion":3953}