{"stats":{"minecraft:killed_by":{"minecraft:drowned":1},"minecraft:picked_up":{"minecraft:wooden_axe":1,"minecraft:birch_log":7,"minecraft:charcoal":2,"minecraft:crafting_table":1,"minecraft:feather":7,"minecraft:chicken":4,"minecraft:leather":3,"minecraft:wooden_pickaxe":1,"minecraft:smoker":2,"minecraft:oak_log":39,"minecraft:brewing_stand":1,"minecraft:gunpowder":2,"minecraft:dirt":1,"minecraft:string":4,"minecraft:red_bed":2,"minecraft:apple":1,"minecraft:beef":18,"minecraft:stone_pickaxe":1,"minecraft:oak_boat":1,"minecraft:bamboo":32,"minecraft:lectern":1,"minecraft:sugar_cane":25,"minecraft:chest":3,"minecraft:birch_sapling":1,"minecraft:furnace":2,"minecraft:book":24,"minecraft:oak_slab":1,"minecraft:stick":4,"minecraft:torch":2,"minecraft:dandelion":1,"minecraft:porkchop":10,"minecraft:sand":8,"minecraft:white_bed":1,"minecraft:rotten_flesh":6,"minecraft:hay_block":40,"minecraft:oak_sapling":6,"minecraft:mutton":8,"minecraft:white_wool":3,"minecraft:cobblestone":44},"minecraft:custom":{"minecraft:interact_with_furnace":12,"minecraft:mob_kills":27,"minecraft:interact_with_crafting_table":16,"minecraft:leave_game":8,"minecraft:time_since_death":0,"minecraft:sleep_in_bed":6,"minecraft:time_since_rest":332,"minecraft:sprint_one_cm":115810,"minecraft:damage_taken":546,"minecraft:walk_one_cm":90372,"minecraft:drop":18,"minecraft:damage_dealt":3176,"minecraft:swim_one_cm":25508,"minecraft:talked_to_villager":3,"minecraft:fly_one_cm":194603,"minecraft:open_chest":27,"minecraft:crouch_one_cm":4188,"minecraft:play_time":91039,"minecraft:deaths":1,"minecraft:sneak_time":937,"minecraft:walk_under_water_one_cm":12498,"minecraft:boat_one_cm":585695,"minecraft:interact_with_brewingstand":1,"minecraft:jump":1060,"minecraft:walk_on_water_one_cm":8000,"minecraft:total_world_time":91039,"minecraft:interact_with_smoker":30,"minecraft:fall_one_cm":25222},"minecraft:killed":{"minecraft:pig":5,"minecraft:spider":2,"minecraft:creeper":1,"minecraft:sheep":2,"minecraft:skeleton":1,"minecraft:zombie":1,"minecraft:chicken":4,"minecraft:drowned":3,"minecraft:cow":8},"minecraft:dropped":{"minecraft:stone_axe":1,"minecraft:stone_sword":1,"minecraft:cooked_porkchop":6,"minecraft:rotten_flesh":2,"minecraft:dirt":1,"minecraft:wooden_axe":2,"minecraft:wooden_pickaxe":2,"minecraft:stone_pickaxe":1,"minecraft:white_wool":1,"minecraft:dandelion":1},"minecraft:crafted":{"minecraft:cooked_beef":18,"minecraft:oak_slab":12,"minecraft:oak_planks":36,"minecraft:cooked_porkchop":10,"minecraft:crafting_table":1,"minecraft:wooden_pickaxe":1,"minecraft:cooked_chicken":4,"minecraft:furnace":2,"minecraft:stone_axe":2,"minecraft:cooked_mutton":2,"minecraft:air":0,"minecraft:oak_boat":1,"minecraft:charcoal":7,"minecraft:stick":20,"minecraft:iron_ingot":1,"minecraft:stone_pickaxe":2,"minecraft:wooden_axe":1,"minecraft:stone_sword":2,"minecraft:smoker":1},"minecraft:mined":{"minecraft:oak_slab":1,"minecraft:white_bed":1,"minecraft:red_bed":2,"minecraft:smoker":2,"minecraft:brewing_stand":1,"minecraft:crafting_table":1,"minecraft:short_grass":18,"minecraft:grass_block":1,"minecraft:chest":3,"minecraft:lectern":1,"minecraft:tall_grass":1,"minecraft:sugar_cane":12,"minecraft:hay_block":40,"minecraft:furnace":2,"minecraft:birch_log":7,"minecraft:bookshelf":8,"minecraft:oak_log":39,"minecraft:sand":8,"minecraft:dirt":2,"minecraft:bamboo":2,"minecraft:stone":44,"minecraft:oak_leaves":14},"minecraft:used":{"minecraft:cooked_mutton":2,"minecraft:stone_sword":73,"minecraft:stone_pickaxe":47,"minecraft:chest":3,"minecraft:wooden_pickaxe":3,"minecraft:cooked_salmon":2,"minecraft:cooked_chicken":2,"minecraft:oak_slab":5,"minecraft:crafting_table":2,"minecraft:red_bed":2,"minecraft:white_bed":1,"minecraft:golden_shovel":10,"minecraft:smoker":3,"minecraft:wooden_axe":11,"minecraft:stone_axe":51,"minecraft:furnace":2,"minecraft:cooked_porkchop":2,"minecraft:oak_boat":2}},"DataVersion":3953}