{"stats":{"minecraft:custom":{"minecraft:interact_with_crafting_table":150,"minecraft:open_barrel":7,"minecraft:bell_ring":1,"minecraft:leave_game":9,"minecraft:time_since_death":162902,"minecraft:sprint_one_cm":1984484,"minecraft:damage_blocked_by_shield":6884,"minecraft:drop":72,"minecraft:talked_to_villager":144,"minecraft:play_time":879008,"minecraft:deaths":19,"minecraft:jump":8169,"minecraft:interact_with_brewingstand":5,"minecraft:walk_on_water_one_cm":141184,"minecraft:interact_with_furnace":71,"minecraft:traded_with_villager":274,"minecraft:sleep_in_bed":21,"minecraft:damage_dealt":59715,"minecraft:crouch_one_cm":90747,"minecraft:interact_with_smoker":52,"minecraft:use_cauldron":5,"minecraft:inspect_dispenser":2,"minecraft:interact_with_smithing_table":9,"minecraft:interact_with_anvil":22,"minecraft:mob_kills":747,"minecraft:climb_one_cm":7002,"minecraft:walk_one_cm":2386109,"minecraft:sneak_time":36005,"minecraft:walk_under_water_one_cm":79439,"minecraft:boat_one_cm":845371,"minecraft:interact_with_blast_furnace":56,"minecraft:total_world_time":879008,"minecraft:interact_with_stonecutter":1,"minecraft:interact_with_grindstone":2,"minecraft:time_since_rest":32391,"minecraft:damage_taken":17551,"minecraft:damage_absorbed":40,"minecraft:swim_one_cm":66807,"minecraft:fly_one_cm":912592,"minecraft:open_chest":543,"minecraft:fall_one_cm":241342},"minecraft:killed_by":{"minecraft:zombified_piglin":1,"minecraft:creeper":3,"minecraft:drowned":3,"minecraft:blaze":1,"minecraft:zombie":1,"minecraft:enderman":2,"minecraft:skeleton":5},"minecraft:picked_up":{"minecraft:wooden_axe":1,"minecraft:iron_chestplate":3,"minecraft:wheat":94,"minecraft:chainmail_boots":1,"minecraft:flower_pot":1,"minecraft:yellow_wool":12,"minecraft:smithing_table":2,"minecraft:diamond_sword":4,"minecraft:acacia_pressure_plate":1,"minecraft:potion":3,"minecraft:enchanted_book":2,"minecraft:golden_shovel":1,"minecraft:crimson_planks":1,"minecraft:string":23,"minecraft:raw_copper":4,"minecraft:soul_soil":15,"minecraft:iron_leggings":4,"minecraft:diamond_leggings":1,"minecraft:cobbled_deepslate":935,"minecraft:gold_nugget":69,"minecraft:smooth_stone":2,"minecraft:bucket":3,"minecraft:trial_key":8,"minecraft:calcite":15,"minecraft:iron_pickaxe":6,"minecraft:enchanted_golden_apple":1,"minecraft:melon_slice":330,"minecraft:iron_boots":6,"minecraft:furnace":3,"minecraft:tipped_arrow":2,"minecraft:golden_helmet":3,"minecraft:stick":39,"minecraft:acacia_fence":1,"minecraft:torch":201,"minecraft:acacia_log":1,"minecraft:porkchop":92,"minecraft:pointed_dripstone":22,"minecraft:diorite":342,"minecraft:golden_chestplate":1,"travelersbackpack:iron":1,"minecraft:stone_sword":4,"minecraft:honey_bottle":3,"minecraft:rotten_flesh":163,"minecraft:blaze_rod":9,"minecraft:obsidian":13,"minecraft:cobblestone":1397,"minecraft:birch_log":48,"minecraft:leather_chestplate":2,"minecraft:feather":13,"minecraft:cooked_beef":57,"minecraft:water_bucket":3,"minecraft:andesite":20,"minecraft:brown_wool":2,"minecraft:golden_leggings":2,"minecraft:smoker":3,"minecraft:potato":162,"minecraft:tuff":98,"minecraft:lapis_lazuli":188,"minecraft:dirt":831,"minecraft:leather_boots":3,"minecraft:glass":34,"minecraft:bone":184,"minecraft:acacia_planks":6,"minecraft:bow":32,"minecraft:wheat_seeds":314,"minecraft:raw_gold":91,"minecraft:diamond_helmet":1,"minecraft:glowstone_dust":65,"minecraft:bamboo":200,"minecraft:oak_planks":58,"minecraft:cooked_porkchop":49,"minecraft:poisonous_potato":1,"minecraft:sand":118,"minecraft:ink_sac":1,"minecraft:mossy_cobblestone":60,"minecraft:diamond":65,"minecraft:granite":7,"minecraft:crossbow":1,"minecraft:breeze_rod":2,"minecraft:golden_apple":4,"minecraft:emerald":40,"minecraft:golden_horse_armor":1,"minecraft:bread":14,"minecraft:oak_sapling":9,"minecraft:netherrack":565,"minecraft:crimson_roots":2,"minecraft:diamond_pickaxe":11,"minecraft:waxed_oxidized_cut_copper":1,"minecraft:crafting_table":4,"travelersbackpack:hay":1,"minecraft:chicken":11,"minecraft:leather_leggings":3,"minecraft:wooden_pickaxe":3,"minecraft:brick":58,"minecraft:shield":9,"minecraft:wind_charge":5,"minecraft:cornflower":1,"minecraft:flint_and_steel":3,"minecraft:compass":1,"minecraft:iron_shovel":3,"minecraft:blackstone":12,"minecraft:beef":75,"minecraft:diamond_hoe":1,"minecraft:poppy":3,"minecraft:light_gray_wool":1,"minecraft:lectern":4,"minecraft:guster_pottery_sherd":1,"minecraft:sugar_cane":56,"minecraft:chest":3,"minecraft:birch_sapling":33,"minecraft:phantom_membrane":6,"minecraft:egg":5,"minecraft:raw_iron":262,"minecraft:sandstone":1,"minecraft:oak_door":2,"minecraft:fire_charge":8,"minecraft:flow_pottery_sherd":1,"minecraft:carrot":389,"minecraft:redstone":605,"minecraft:music_disc_creator_music_box":1,"minecraft:stone_shovel":1,"minecraft:arrow":187,"minecraft:weeping_vines":2,"minecraft:diamond_chestplate":2,"minecraft:peony":2,"minecraft:nether_bricks":9,"minecraft:shears":7,"minecraft:diamond_boots":1,"minecraft:hay_block":122,"minecraft:saddle":1,"minecraft:glistering_melon_slice":22,"minecraft:tuff_bricks":1,"minecraft:mutton":63,"minecraft:bone_block":23,"minecraft:white_wool":65,"minecraft:oxeye_daisy":1,"minecraft:basalt":54,"travelersbackpack:melon":14,"minecraft:golden_carrot":5,"minecraft:glow_ink_sac":15,"minecraft:crimson_stem":29,"minecraft:salmon":1,"minecraft:leather":41,"minecraft:birch_planks":10,"minecraft:oak_log":175,"minecraft:waxed_copper_block":2,"minecraft:golden_boots":5,"minecraft:yellow_bed":2,"minecraft:gunpowder":10,"minecraft:paper":29,"minecraft:cooked_mutton":3,"minecraft:coast_armor_trim_smithing_template":4,"minecraft:apple":4,"minecraft:warped_stem":12,"minecraft:iron_ingot":10,"minecraft:stone_pickaxe":3,"minecraft:glass_bottle":2,"minecraft:iron_sword":7,"minecraft:soul_sand":56,"minecraft:book":44,"minecraft:smooth_basalt":4,"minecraft:warped_fungus":9,"minecraft:pumpkin":30,"minecraft:quartz":162,"minecraft:dandelion":4,"minecraft:gravel":4,"minecraft:amethyst_shard":8,"minecraft:blast_furnace":1,"minecraft:white_bed":6,"minecraft:spider_eye":9,"minecraft:polished_diorite_stairs":1,"minecraft:diamond_shovel":3,"minecraft:polished_diorite":32,"minecraft:stone_axe":3,"minecraft:chainmail_leggings":1,"minecraft:iron_helmet":2,"minecraft:gray_wool":34,"minecraft:warped_roots":1,"minecraft:baked_potato":21,"minecraft:black_wool":2,"minecraft:coal":353,"minecraft:chiseled_tuff_bricks":1,"minecraft:ender_pearl":2},"minecraft:broken":{"minecraft:iron_shovel":2,"minecraft:iron_boots":1,"minecraft:iron_sword":2,"minecraft:leather_chestplate":1,"minecraft:shield":1,"minecraft:iron_pickaxe":2},"minecraft:killed":{"minecraft:witch":2,"minecraft:spider":15,"minecraft:skeleton":474,"minecraft:chicken":8,"minecraft:silverfish":16,"minecraft:magma_cube":24,"minecraft:pig":26,"minecraft:salmon":1,"minecraft:iron_golem":1,"minecraft:creeper":12,"minecraft:sheep":29,"minecraft:zombie":78,"minecraft:ghast":2,"minecraft:blaze":3,"minecraft:cow":22,"minecraft:slime":4,"minecraft:phantom":13,"minecraft:drowned":3,"minecraft:hoglin":1,"minecraft:squid":1,"minecraft:breeze":1,"minecraft:wither_skeleton":2,"minecraft:enderman":2},"minecraft:used":{"minecraft:iron_shovel":578,"minecraft:diamond_hoe":59,"travelersbackpack:lapis":1,"minecraft:ladder":6,"minecraft:chest":14,"minecraft:shield":143,"minecraft:iron_sword":910,"minecraft:nether_wart":8,"minecraft:iron_chestplate":3,"minecraft:soul_sand":13,"travelersbackpack:hay":1,"minecraft:carrot":160,"minecraft:tuff":22,"minecraft:obsidian":12,"minecraft:glass":4,"minecraft:iron_helmet":2,"minecraft:bow":265,"minecraft:furnace":8,"minecraft:polished_diorite_stairs":15,"minecraft:potato":70,"minecraft:diorite":2,"minecraft:diamond_boots":1,"minecraft:stone_pickaxe":96,"minecraft:ender_pearl":1,"minecraft:wooden_pickaxe":1,"travelersbackpack:melon":12,"minecraft:blue_bed":1,"minecraft:golden_apple":1,"minecraft:blast_furnace":3,"minecraft:shears":32,"minecraft:melon_slice":28,"minecraft:bread":47,"minecraft:brown_wool":1,"minecraft:golden_helmet":1,"minecraft:diamond_sword":318,"minecraft:grindstone":1,"minecraft:andesite":1,"minecraft:smithing_table":2,"minecraft:oak_boat":2,"minecraft:bone_meal":305,"minecraft:stone_sword":67,"minecraft:flint_and_steel":1,"minecraft:cooked_salmon":1,"minecraft:cooked_chicken":10,"minecraft:trial_key":6,"minecraft:netherrack":172,"minecraft:oak_door":3,"minecraft:brewing_stand":1,"minecraft:torch":300,"minecraft:dirt":506,"minecraft:anvil":1,"minecraft:hopper":1,"minecraft:diamond_helmet":1,"minecraft:polished_diorite":330,"minecraft:iron_hoe":161,"minecraft:wooden_axe":34,"minecraft:bookshelf":6,"minecraft:iron_axe":177,"minecraft:iron_boots":4,"minecraft:diamond_chestplate":2,"minecraft:golden_carrot":2,"minecraft:soul_soil":1,"minecraft:cooked_beef":23,"minecraft:cobbled_deepslate":87,"minecraft:iron_leggings":2,"minecraft:wheat_seeds":122,"minecraft:cooked_mutton":27,"minecraft:water_bucket":16,"minecraft:birch_planks":3,"minecraft:baked_potato":16,"minecraft:stonecutter":1,"minecraft:cobblestone_slab":6,"minecraft:crafting_table":10,"minecraft:birch_sign":2,"minecraft:white_bed":8,"minecraft:smoker":4,"minecraft:flower_pot":1,"minecraft:diamond_pickaxe":3022,"minecraft:apple":1,"minecraft:diamond_shovel":193,"minecraft:wind_charge":1,"minecraft:iron_pickaxe":668,"minecraft:stone_axe":216,"minecraft:potion":3,"travelersbackpack:standard":3,"minecraft:cobblestone":449,"minecraft:cooked_porkchop":53,"minecraft:bucket":32,"minecraft:yellow_bed":2,"minecraft:gray_wool":16,"minecraft:diamond_leggings":2},"minecraft:crafted":{"minecraft:grindstone":1,"minecraft:smooth_stone":7,"minecraft:oak_planks":124,"minecraft:cobblestone_slab":6,"travelersbackpack:crafting_upgrade":1,"minecraft:blaze_powder":2,"minecraft:cooked_chicken":10,"minecraft:stone":15,"minecraft:diamond_shovel":3,"minecraft:cooked_mutton":31,"minecraft:warped_planks":12,"minecraft:bamboo_block":3,"minecraft:quartz_block":99,"minecraft:glass":58,"minecraft:hopper":1,"minecraft:diamond_helmet":3,"minecraft:bow":3,"minecraft:diamond_leggings":3,"minecraft:iron_boots":3,"minecraft:chest":13,"minecraft:smoker":2,"travelersbackpack:iron_tier_upgrade":1,"minecraft:arrow":112,"minecraft:emerald":215,"minecraft:cooked_porkchop":46,"minecraft:diamond_axe":1,"minecraft:crafting_table":8,"travelersbackpack:lapis":1,"travelersbackpack:standard":3,"minecraft:baked_potato":92,"minecraft:wooden_pickaxe":1,"minecraft:iron_helmet":2,"minecraft:copper_ingot":2,"minecraft:gold_block":31,"minecraft:hay_block":33,"minecraft:brewing_stand":1,"minecraft:birch_planks":3096,"minecraft:bamboo_planks":6,"minecraft:emerald_block":3,"minecraft:iron_chestplate":3,"minecraft:book":3,"minecraft:diamond_pickaxe":4,"minecraft:shield":5,"minecraft:stick":6160,"minecraft:stone_slab":6,"minecraft:iron_ingot":552,"minecraft:iron_pickaxe":3,"minecraft:iron_block":68,"minecraft:gold_ingot":91,"minecraft:polished_diorite_stairs":16,"minecraft:shears":2,"travelersbackpack:melon":2,"travelersbackpack:hay":1,"minecraft:oak_door":3,"minecraft:redstone":9,"minecraft:furnace":10,"minecraft:blast_furnace":2,"minecraft:bone_meal":369,"travelersbackpack:blank_upgrade":4,"travelersbackpack:gold_tier_upgrade":2,"minecraft:diamond_block":10,"minecraft:diamond":54,"minecraft:polished_diorite":348,"minecraft:iron_axe":1,"minecraft:ladder":6,"minecraft:iron_hoe":1,"minecraft:diamond_boots":3,"minecraft:redstone_block":103,"minecraft:golden_helmet":1,"minecraft:birch_sign":3,"travelersbackpack:diamond_tier_upgrade":1,"minecraft:wheat":360,"minecraft:cooked_beef":6,"minecraft:crimson_planks":56,"minecraft:diamond_sword":4,"travelersbackpack:backpack_tank":2,"minecraft:iron_sword":4,"minecraft:blue_bed":1,"minecraft:cooked_salmon":1,"minecraft:bucket":2,"minecraft:stone_axe":1,"minecraft:enchanted_book":19,"minecraft:air":0,"minecraft:bread":61,"minecraft:blue_dye":1,"minecraft:oak_boat":2,"minecraft:gold_nugget":1,"minecraft:wooden_axe":1,"minecraft:iron_shovel":3,"minecraft:iron_leggings":3,"minecraft:stonecutter":1,"minecraft:anvil":1,"minecraft:white_bed":4,"minecraft:acacia_planks":4,"minecraft:torch":320,"minecraft:lapis_block":51,"minecraft:diamond_chestplate":4},"minecraft:mined":{"minecraft:white_bed":5,"minecraft:sculk_vein":6,"minecraft:obsidian":7,"minecraft:granite":2,"minecraft:grass_block":381,"minecraft:soul_soil":12,"minecraft:polished_diorite":32,"minecraft:chiseled_tuff_bricks":1,"minecraft:oxeye_daisy":1,"minecraft:smooth_stone":1,"minecraft:weeping_vines_plant":3,"minecraft:sculk_catalyst":1,"minecraft:glowstone":25,"minecraft:iron_ore":140,"minecraft:cobbled_deepslate":17,"minecraft:fire":1,"minecraft:pumpkin":15,"minecraft:deepslate_lapis_ore":11,"minecraft:azure_bluet":1,"minecraft:sculk_shrieker":4,"minecraft:pointed_dripstone":8,"minecraft:deepslate_redstone_ore":99,"travelersbackpack:melon":8,"minecraft:blackstone":14,"minecraft:smoker":3,"minecraft:soul_fire":14,"minecraft:amethyst_cluster":2,"minecraft:torch":17,"minecraft:blast_furnace":1,"minecraft:melon":26,"minecraft:calcite":16,"minecraft:poppy":1,"minecraft:chest":3,"minecraft:nether_quartz_ore":115,"minecraft:cobblestone":176,"minecraft:sugar_cane":12,"minecraft:wall_torch":16,"minecraft:polished_diorite_stairs":1,"minecraft:warped_nylium":3,"minecraft:yellow_wool":6,"minecraft:birch_log":27,"minecraft:wheat":95,"minecraft:waxed_copper_block":2,"minecraft:warped_fungus":10,"minecraft:oak_log":88,"minecraft:sand":118,"minecraft:dirt":293,"minecraft:crimson_planks":1,"minecraft:smooth_basalt":5,"minecraft:netherrack":440,"minecraft:oak_leaves":27,"minecraft:deepslate":828,"minecraft:nether_gold_ore":19,"minecraft:tuff":105,"minecraft:mossy_cobblestone":60,"minecraft:deepslate_diamond_ore":50,"minecraft:oak_door":1,"minecraft:glow_lichen":2,"minecraft:nether_bricks":3,"minecraft:decorated_pot":11,"minecraft:crimson_roots":2,"minecraft:sandstone":1,"minecraft:crimson_stem":30,"minecraft:hay_block":1,"minecraft:redstone_ore":4,"minecraft:waxed_oxidized_cut_copper":3,"minecraft:furnace":1,"minecraft:carrots":100,"minecraft:nether_sprouts":2,"minecraft:andesite":19,"minecraft:peony":1,"minecraft:bookshelf":14,"minecraft:potatoes":42,"minecraft:deepslate_iron_ore":105,"minecraft:warped_stem":12,"minecraft:bamboo":9,"minecraft:stone":707,"minecraft:bone_block":22,"minecraft:white_wool":6,"minecraft:smithing_table":1,"minecraft:soul_sand":15,"minecraft:basalt":61,"minecraft:dandelion":4,"minecraft:crafting_table":2,"minecraft:cornflower":1,"minecraft:short_grass":122,"minecraft:warped_roots":1,"minecraft:sculk_sensor":6,"minecraft:copper_ore":1,"minecraft:tall_grass":25,"minecraft:lapis_ore":15,"minecraft:deepslate_gold_ore":47,"minecraft:sculk":51,"minecraft:diorite":356,"minecraft:gray_wool":32,"minecraft:birch_planks":3,"minecraft:birch_leaves":2,"minecraft:yellow_bed":2,"minecraft:coal_ore":194,"minecraft:flower_pot":1,"minecraft:gravel":1,"minecraft:dripstone_block":1,"minecraft:gold_ore":17},"minecraft:dropped":{"minecraft:crimson_stem":15,"minecraft:soul_sand":1,"minecraft:porkchop":6,"minecraft:oak_log":2,"minecraft:weeping_vines":2,"minecraft:warped_roots":1,"minecraft:cornflower":1,"minecraft:crimson_roots":2,"minecraft:coast_armor_trim_smithing_template":2,"minecraft:iron_pickaxe":1,"minecraft:white_wool":11,"minecraft:cobbled_deepslate":57,"minecraft:birch_sapling":5,"minecraft:rotten_flesh":31,"minecraft:carrot":59,"minecraft:acacia_fence":1,"minecraft:acacia_pressure_plate":1,"minecraft:wheat_seeds":13,"minecraft:poisonous_potato":1,"minecraft:cobblestone":9,"minecraft:apple":3,"minecraft:stick":2,"minecraft:diorite":1,"minecraft:ink_sac":1,"minecraft:torch":11,"minecraft:melon_slice":31,"minecraft:potion":1,"minecraft:string":3,"minecraft:bucket":1,"minecraft:furnace":1,"minecraft:peony":1,"minecraft:diamond_pickaxe":3,"minecraft:andesite":3,"minecraft:spider_eye":2,"minecraft:sandstone":1,"minecraft:bow":8,"minecraft:stone_pickaxe":2,"minecraft:wooden_pickaxe":4,"minecraft:black_wool":2}},"DataVersion":3953}