{"stats":{"minecraft:mined":{"minecraft:white_bed":2,"minecraft:deepslate_diamond_ore":8,"minecraft:grass_block":2,"minecraft:furnace":1,"minecraft:iron_ore":13,"minecraft:andesite":1,"minecraft:pumpkin":15,"minecraft:deepslate_lapis_ore":1,"minecraft:deepslate_iron_ore":11,"minecraft:bamboo":9,"minecraft:stone":87,"minecraft:white_wool":6,"minecraft:deepslate_redstone_ore":22,"minecraft:dandelion":1,"minecraft:torch":11,"minecraft:short_grass":25,"minecraft:melon":10,"minecraft:tall_grass":9,"minecraft:deepslate_gold_ore":4,"minecraft:sugar_cane":8,"minecraft:wall_torch":2,"minecraft:birch_planks":3,"minecraft:yellow_wool":6,"minecraft:birch_log":27,"minecraft:birch_leaves":2,"minecraft:yellow_bed":2,"minecraft:oak_log":51,"minecraft:coal_ore":76,"minecraft:sand":9,"minecraft:dirt":5,"minecraft:oak_leaves":14,"minecraft:deepslate":22},"minecraft:picked_up":{"minecraft:wooden_axe":1,"minecraft:iron_chestplate":1,"minecraft:crafting_table":1,"travelersbackpack:hay":1,"minecraft:yellow_wool":12,"minecraft:wooden_pickaxe":3,"minecraft:golden_shovel":1,"minecraft:shield":3,"minecraft:string":14,"minecraft:flint_and_steel":1,"minecraft:iron_shovel":1,"minecraft:cobbled_deepslate":29,"minecraft:beef":41,"minecraft:poppy":1,"minecraft:iron_pickaxe":5,"minecraft:lectern":3,"minecraft:melon_slice":146,"minecraft:sugar_cane":38,"minecraft:birch_sapling":33,"minecraft:furnace":3,"minecraft:stick":28,"minecraft:raw_iron":36,"minecraft:torch":100,"minecraft:fire_charge":8,"minecraft:porkchop":38,"minecraft:redstone":161,"minecraft:stone_sword":4,"minecraft:arrow":16,"minecraft:rotten_flesh":48,"minecraft:hay_block":120,"minecraft:glistering_melon_slice":22,"minecraft:mutton":21,"minecraft:cobblestone":144,"minecraft:white_wool":23,"minecraft:birch_log":48,"minecraft:leather_chestplate":2,"minecraft:feather":9,"minecraft:cooked_beef":40,"minecraft:glow_ink_sac":4,"minecraft:andesite":1,"minecraft:leather":11,"minecraft:potato":6,"minecraft:birch_planks":10,"minecraft:oak_log":136,"minecraft:golden_boots":5,"minecraft:yellow_bed":2,"minecraft:paper":29,"minecraft:lapis_lazuli":14,"minecraft:dirt":11,"minecraft:bone":21,"minecraft:coast_armor_trim_smithing_template":4,"minecraft:apple":4,"minecraft:bow":5,"minecraft:wheat_seeds":3,"minecraft:raw_gold":8,"minecraft:iron_ingot":5,"minecraft:stone_pickaxe":3,"minecraft:bamboo":200,"minecraft:iron_sword":5,"minecraft:oak_planks":50,"minecraft:cooked_porkchop":45,"minecraft:pumpkin":30,"minecraft:dandelion":1,"minecraft:sand":9,"minecraft:ink_sac":1,"minecraft:white_bed":3,"minecraft:spider_eye":6,"minecraft:diamond":10,"minecraft:stone_axe":2,"minecraft:granite":3,"minecraft:golden_apple":4,"minecraft:emerald":5,"minecraft:bread":11,"minecraft:baked_potato":13,"minecraft:coal":186,"minecraft:oak_sapling":9,"minecraft:black_wool":2,"minecraft:ender_pearl":1},"minecraft:custom":{"minecraft:mob_kills":83,"minecraft:interact_with_crafting_table":27,"minecraft:bell_ring":1,"minecraft:leave_game":2,"minecraft:time_since_death":21966,"minecraft:climb_one_cm":201,"minecraft:sprint_one_cm":575007,"minecraft:walk_one_cm":429067,"minecraft:damage_blocked_by_shield":1994,"minecraft:drop":20,"minecraft:play_time":169488,"minecraft:deaths":8,"minecraft:sneak_time":1554,"minecraft:walk_under_water_one_cm":36684,"minecraft:boat_one_cm":845371,"minecraft:jump":2337,"minecraft:walk_on_water_one_cm":53637,"minecraft:total_world_time":169488,"minecraft:interact_with_furnace":13,"minecraft:sleep_in_bed":8,"minecraft:time_since_rest":21995,"minecraft:damage_taken":5836,"minecraft:damage_absorbed":40,"minecraft:damage_dealt":13348,"minecraft:swim_one_cm":44468,"minecraft:fly_one_cm":261721,"minecraft:open_chest":40,"minecraft:crouch_one_cm":2782,"minecraft:interact_with_smoker":19,"minecraft:fall_one_cm":57017},"minecraft:killed_by":{"minecraft:creeper":1,"minecraft:enderman":1,"minecraft:drowned":3,"minecraft:skeleton":3},"minecraft:killed":{"minecraft:witch":1,"minecraft:spider":8,"minecraft:skeleton":12,"minecraft:drowned":3,"minecraft:pig":16,"minecraft:iron_golem":1,"minecraft:squid":1,"minecraft:sheep":9,"minecraft:zombie":18,"minecraft:cow":10,"minecraft:enderman":1},"minecraft:crafted":{"minecraft:oak_planks":44,"minecraft:furnace":4,"minecraft:bone_meal":3,"minecraft:cooked_mutton":4,"minecraft:bow":1,"minecraft:chest":1,"minecraft:smoker":1,"minecraft:wheat":360,"minecraft:cooked_porkchop":28,"minecraft:crafting_table":3,"minecraft:wooden_pickaxe":1,"minecraft:baked_potato":6,"minecraft:iron_sword":1,"minecraft:birch_planks":24,"minecraft:hay_block":33,"minecraft:bread":21,"minecraft:air":0,"minecraft:oak_boat":2,"minecraft:iron_chestplate":1,"minecraft:shield":1,"minecraft:stick":32,"minecraft:iron_ingot":28,"minecraft:iron_pickaxe":1,"minecraft:wooden_axe":1,"minecraft:iron_shovel":1,"minecraft:white_bed":2,"minecraft:torch":76},"minecraft:used":{"minecraft:stone_sword":67,"minecraft:chest":1,"minecraft:shield":38,"minecraft:iron_sword":201,"minecraft:iron_chestplate":1,"minecraft:torch":83,"minecraft:dirt":7,"travelersbackpack:hay":1,"minecraft:wooden_axe":34,"minecraft:bow":6,"minecraft:furnace":5,"minecraft:cobbled_deepslate":14,"minecraft:cooked_mutton":4,"minecraft:birch_planks":3,"minecraft:stone_pickaxe":96,"minecraft:baked_potato":4,"minecraft:wooden_pickaxe":1,"minecraft:golden_apple":1,"minecraft:crafting_table":4,"minecraft:white_bed":4,"minecraft:smoker":1,"minecraft:apple":1,"minecraft:bread":26,"minecraft:melon_slice":11,"minecraft:iron_pickaxe":154,"minecraft:stone_axe":123,"minecraft:cobblestone":37,"minecraft:cooked_porkchop":24,"minecraft:yellow_bed":2,"minecraft:oak_boat":2,"minecraft:bone_meal":1},"minecraft:dropped":{"minecraft:wheat_seeds":3,"minecraft:cobblestone":7,"minecraft:apple":3,"minecraft:ink_sac":1,"minecraft:melon_slice":31,"minecraft:coast_armor_trim_smithing_template":2,"minecraft:iron_pickaxe":1,"minecraft:string":3,"minecraft:furnace":1,"minecraft:birch_sapling":5,"minecraft:rotten_flesh":2,"minecraft:spider_eye":1,"minecraft:wooden_pickaxe":4,"minecraft:stone_pickaxe":2,"minecraft:black_wool":2},"minecraft:broken":{"minecraft:leather_chestplate":1}},"DataVersion":3953}