{"stats":{"minecraft:killed_by":{"minecraft:zombie":2,"minecraft:zombified_piglin":1,"minecraft:creeper":3,"minecraft:drowned":3,"minecraft:blaze":1,"minecraft:enderman":2,"minecraft:iron_golem":1,"minecraft:skeleton":5},"minecraft:used":{"minecraft:moss_block":3,"minecraft:polished_blackstone":756,"minecraft:ladder":6,"minecraft:chest":22,"minecraft:stone":85,"minecraft:quartz_stairs":43,"minecraft:soul_sand":13,"minecraft:brick_slab":8,"minecraft:cracked_deepslate_tiles":2,"minecraft:polished_blackstone_slab":3,"minecraft:quartz_pillar":97,"minecraft:quartz_block":1527,"minecraft:dark_oak_slab":49,"minecraft:bow":946,"minecraft:ominous_bottle":1,"minecraft:furnace":21,"minecraft:potato":70,"minecraft:diorite":2,"minecraft:cactus":8,"minecraft:blackstone":4,"minecraft:wooden_pickaxe":1,"minecraft:oak_leaves":54,"minecraft:golden_apple":13,"minecraft:glow_berries":17,"minecraft:sand":9,"minecraft:blast_furnace":11,"minecraft:black_concrete_powder":703,"minecraft:deepslate_tiles":1,"minecraft:diamond_sword":1183,"minecraft:dark_oak_fence":48,"minecraft:smithing_table":3,"minecraft:oak_boat":6,"minecraft:enchanting_table":6,"minecraft:stone_sword":67,"minecraft:armor_stand":6,"minecraft:polished_blackstone_wall":75,"minecraft:cooked_salmon":1,"minecraft:trial_key":14,"minecraft:netherrack":347,"minecraft:torch":643,"minecraft:brewing_stand":4,"minecraft:anvil":4,"minecraft:polished_diorite":330,"minecraft:iron_axe":177,"minecraft:totem_of_undying":2,"minecraft:bamboo":1,"minecraft:diamond_chestplate":2,"travelersbackpack:hose":25,"minecraft:cobbled_deepslate":107,"minecraft:wheat_seeds":151,"minecraft:water_bucket":174,"minecraft:light_blue_glazed_terracotta":21,"minecraft:birch_planks":3,"minecraft:polished_blackstone_bricks":26,"minecraft:crafting_table":14,"minecraft:birch_sign":2,"minecraft:white_bed":10,"minecraft:campfire":4,"minecraft:oak_log":8,"minecraft:diamond_pickaxe":9544,"minecraft:ominous_trial_key":3,"minecraft:diamond_shovel":6047,"minecraft:wind_charge":1,"minecraft:iron_pickaxe":668,"minecraft:cobblestone":683,"minecraft:potion":11,"travelersbackpack:standard":3,"minecraft:cooked_porkchop":65,"minecraft:glass_pane":15,"minecraft:diamond_leggings":3,"minecraft:iron_shovel":578,"travelersbackpack:lapis":3,"minecraft:diamond_hoe":429,"minecraft:shield":176,"minecraft:iron_sword":910,"minecraft:nether_wart":8,"minecraft:iron_chestplate":3,"travelersbackpack:hay":1,"minecraft:carrot":210,"minecraft:tuff":97,"minecraft:obsidian":12,"minecraft:glass":1811,"minecraft:cyan_terracotta":257,"minecraft:coal_ore":104,"minecraft:bricks":41,"minecraft:lantern":62,"minecraft:polished_blackstone_brick_wall":153,"minecraft:iron_helmet":2,"minecraft:polished_diorite_stairs":15,"minecraft:polished_blackstone_stairs":13,"minecraft:dark_oak_sapling":34,"minecraft:dark_oak_stairs":62,"minecraft:diamond_boots":1,"minecraft:stone_pickaxe":96,"minecraft:ender_pearl":2,"minecraft:diamond_axe":892,"travelersbackpack:melon":53,"minecraft:blue_bed":3,"minecraft:white_wool":1,"minecraft:yellow_terracotta":2,"minecraft:shears":174,"minecraft:blue_glazed_terracotta":27,"minecraft:black_concrete":828,"minecraft:mace":2,"minecraft:melon_slice":28,"minecraft:bread":73,"minecraft:brown_wool":1,"minecraft:golden_helmet":1,"minecraft:grindstone":2,"minecraft:andesite":1,"minecraft:chain":25,"minecraft:air":1,"minecraft:bone_meal":570,"minecraft:oak_fence":2,"minecraft:flint_and_steel":1,"minecraft:cooked_chicken":40,"minecraft:oak_door":3,"minecraft:dirt":3889,"minecraft:hopper":1,"minecraft:diamond_helmet":1,"minecraft:granite":5,"minecraft:iron_hoe":161,"minecraft:dark_oak_planks":707,"minecraft:wooden_axe":34,"minecraft:bookshelf":51,"minecraft:iron_boots":4,"minecraft:golden_carrot":17,"minecraft:soul_soil":1,"minecraft:cooked_beef":38,"minecraft:enchanted_golden_apple":1,"minecraft:iron_leggings":2,"minecraft:cooked_mutton":58,"minecraft:glass_bottle":8,"minecraft:baked_potato":107,"minecraft:stonecutter":1,"minecraft:cobblestone_slab":6,"minecraft:painting":32,"minecraft:dark_oak_door":6,"minecraft:smoker":8,"minecraft:flower_pot":1,"minecraft:apple":1,"minecraft:stone_axe":216,"minecraft:white_banner":2,"minecraft:bucket":195,"minecraft:yellow_bed":2,"minecraft:gray_wool":16,"minecraft:splash_potion":5},"minecraft:crafted":{"minecraft:black_dye":104,"minecraft:smooth_stone":91,"travelersbackpack:crafting_upgrade":2,"minecraft:blaze_powder":4,"minecraft:chain":34,"minecraft:polished_blackstone_slab":6,"minecraft:diamond_shovel":3,"minecraft:bookshelf":3,"minecraft:cooked_mutton":69,"minecraft:glass":74,"minecraft:mace":1,"minecraft:quartz_block":400,"minecraft:light_blue_terracotta":40,"minecraft:diamond_helmet":3,"minecraft:diamond_leggings":3,"minecraft:glass_bottle":6,"minecraft:emerald":512,"minecraft:cooked_porkchop":71,"minecraft:diamond_axe":1,"travelersbackpack:lapis":1,"travelersbackpack:standard":3,"minecraft:copper_ingot":34,"minecraft:hay_block":33,"minecraft:campfire":2,"minecraft:painting":5,"minecraft:bamboo_planks":6,"minecraft:stone_slab":6,"minecraft:iron_pickaxe":3,"minecraft:iron_block":93,"minecraft:gold_ingot":188,"minecraft:polished_blackstone_bricks":44,"travelersbackpack:hay":1,"minecraft:smooth_stone_slab":12,"minecraft:iron_nugget":828,"minecraft:bone_meal":600,"travelersbackpack:blank_upgrade":8,"travelersbackpack:gold_tier_upgrade":2,"minecraft:terracotta":111,"minecraft:lantern":56,"minecraft:diamond":81,"minecraft:dark_oak_fence":150,"minecraft:polished_diorite":348,"minecraft:black_concrete_powder":752,"minecraft:ladder":6,"minecraft:diamond_boots":4,"minecraft:redstone_block":110,"minecraft:dark_oak_planks":1148,"minecraft:brick_slab":12,"minecraft:lead":2,"minecraft:golden_helmet":1,"minecraft:wheat":360,"minecraft:light_blue_glazed_terracotta":40,"minecraft:blue_bed":1,"minecraft:polished_blackstone_stairs":12,"minecraft:enchanted_book":34,"minecraft:polished_blackstone_brick_wall":84,"minecraft:golden_apple":6,"minecraft:wooden_axe":1,"minecraft:iron_shovel":3,"minecraft:iron_leggings":3,"minecraft:armor_stand":6,"minecraft:white_bed":5,"minecraft:brick":167,"minecraft:grindstone":1,"minecraft:oak_planks":3008,"minecraft:cobblestone_slab":6,"minecraft:cooked_chicken":43,"travelersbackpack:hose_nozzle":2,"minecraft:stone":142,"minecraft:quartz_pillar":90,"minecraft:warped_planks":48,"minecraft:green_dye":38,"minecraft:bamboo_block":3,"minecraft:dark_oak_door":6,"minecraft:hopper":1,"minecraft:bow":3,"minecraft:iron_boots":3,"minecraft:cyan_terracotta":192,"minecraft:chest":30,"minecraft:bricks":45,"minecraft:oak_fence":51,"minecraft:smoker":6,"minecraft:quartz_stairs":48,"travelersbackpack:iron_tier_upgrade":1,"minecraft:arrow":112,"minecraft:crafting_table":12,"minecraft:wooden_pickaxe":1,"minecraft:baked_potato":156,"minecraft:iron_helmet":2,"minecraft:gold_block":35,"minecraft:birch_planks":5476,"minecraft:brewing_stand":1,"minecraft:tnt":31,"minecraft:dark_oak_slab":60,"minecraft:book":3,"minecraft:iron_chestplate":3,"minecraft:diamond_pickaxe":4,"minecraft:emerald_block":10,"minecraft:shield":5,"minecraft:stick":16208,"minecraft:light_blue_dye":42,"minecraft:iron_ingot":924,"minecraft:polished_diorite_stairs":16,"minecraft:shears":3,"minecraft:blue_terracotta":28,"travelersbackpack:melon":2,"minecraft:oak_door":3,"minecraft:redstone":9,"minecraft:furnace":35,"minecraft:blast_furnace":10,"minecraft:diamond_block":19,"minecraft:glass_pane":16,"minecraft:iron_axe":1,"minecraft:iron_hoe":1,"minecraft:birch_sign":3,"travelersbackpack:diamond_tier_upgrade":2,"minecraft:blue_glazed_terracotta":40,"travelersbackpack:hose":2,"minecraft:cooked_beef":34,"minecraft:crimson_planks":56,"minecraft:diamond_sword":4,"minecraft:cyan_dye":36,"minecraft:dark_oak_stairs":72,"minecraft:polished_blackstone_wall":54,"travelersbackpack:backpack_tank":4,"minecraft:iron_sword":4,"minecraft:cooked_salmon":1,"minecraft:bucket":6,"minecraft:stone_axe":1,"minecraft:air":0,"minecraft:bread":71,"minecraft:blue_dye":64,"minecraft:oak_boat":4,"minecraft:white_wool":3,"minecraft:gold_nugget":2,"minecraft:white_dye":21,"minecraft:stonecutter":1,"minecraft:anvil":4,"minecraft:acacia_planks":4,"minecraft:torch":652,"minecraft:lapis_lazuli":9,"minecraft:clay":303,"minecraft:lapis_block":54,"minecraft:diamond_chestplate":4},"minecraft:mined":{"minecraft:dark_oak_planks":28,"minecraft:white_bed":7,"minecraft:obsidian":9,"minecraft:granite":49,"minecraft:chiseled_tuff_bricks":2,"minecraft:oxeye_daisy":1,"minecraft:polished_blackstone_bricks":89,"minecraft:weeping_vines_plant":3,"minecraft:tall_seagrass":3,"minecraft:magma_block":10,"minecraft:cobbled_deepslate":21,"minecraft:fire":12,"minecraft:pumpkin":15,"minecraft:moss_carpet":4,"minecraft:deepslate_lapis_ore":24,"minecraft:enchanting_table":5,"minecraft:sculk_shrieker":4,"minecraft:cave_vines":9,"minecraft:dirt_path":4,"minecraft:cut_sandstone":1,"minecraft:kelp_plant":2,"minecraft:smoker":3,"minecraft:soul_fire":14,"minecraft:amethyst_cluster":2,"minecraft:torch":107,"minecraft:blast_furnace":1,"minecraft:melon":26,"minecraft:glass":177,"minecraft:sugar_cane":12,"minecraft:bricks":7,"minecraft:polished_diorite_stairs":1,"minecraft:chain":1,"minecraft:black_concrete_powder":15,"minecraft:wheat":124,"minecraft:waxed_copper_block":2,"minecraft:warped_fungus":10,"minecraft:wither_rose":1,"minecraft:dark_oak_sapling":4,"minecraft:smooth_basalt":5,"minecraft:deepslate":898,"minecraft:yellow_terracotta":2,"minecraft:deepslate_tiles":2,"minecraft:mossy_cobblestone":60,"minecraft:dark_oak_log":287,"minecraft:sea_lantern":1,"minecraft:nether_bricks":3,"minecraft:crimson_roots":2,"minecraft:moss_block":32,"minecraft:kelp":1,"minecraft:redstone_ore":4,"minecraft:waxed_oxidized_cut_copper":3,"minecraft:waxed_copper_grate":2,"minecraft:andesite":24,"minecraft:big_dripleaf_stem":1,"minecraft:chiseled_tuff":2,"minecraft:potatoes":42,"minecraft:vine":9,"minecraft:warped_stem":12,"minecraft:bamboo":14,"minecraft:bone_block":22,"minecraft:white_wool":7,"minecraft:smithing_table":2,"minecraft:glass_pane":15,"minecraft:soul_sand":15,"minecraft:polished_blackstone_brick_wall":36,"minecraft:dandelion":5,"minecraft:cornflower":1,"minecraft:short_grass":187,"minecraft:emerald_ore":4,"minecraft:warped_roots":3,"minecraft:campfire":2,"minecraft:tall_grass":39,"minecraft:copper_ore":11,"minecraft:deepslate_gold_ore":57,"minecraft:diorite":459,"minecraft:big_dripleaf":3,"minecraft:birch_leaves":59,"minecraft:quartz_pillar":12,"minecraft:gravel":450,"minecraft:dripstone_block":1,"minecraft:polished_blackstone":335,"minecraft:gold_ore":19,"minecraft:sculk_vein":42,"minecraft:brewing_stand":3,"minecraft:cave_vines_plant":4,"minecraft:grass_block":1907,"minecraft:cracked_polished_blackstone_bricks":12,"minecraft:soul_soil":12,"minecraft:polished_diorite":32,"minecraft:tuff_bricks":3,"minecraft:gilded_blackstone":2,"minecraft:smooth_stone":1,"minecraft:glowstone":25,"minecraft:sculk_catalyst":2,"minecraft:iron_ore":169,"minecraft:azure_bluet":1,"minecraft:dark_oak_stairs":3,"minecraft:pointed_dripstone":8,"minecraft:azalea":3,"minecraft:deepslate_redstone_ore":106,"minecraft:quartz_block":616,"travelersbackpack:melon":8,"minecraft:polished_blackstone_wall":37,"minecraft:cyan_terracotta":73,"minecraft:blackstone":225,"minecraft:clay":382,"minecraft:calcite":16,"minecraft:poppy":2,"minecraft:chest":3,"minecraft:nether_quartz_ore":472,"minecraft:cobblestone":332,"minecraft:grindstone":1,"minecraft:wall_torch":107,"minecraft:seagrass":1,"minecraft:warped_nylium":17,"minecraft:dark_oak_slab":4,"minecraft:dark_oak_door":2,"minecraft:yellow_wool":6,"minecraft:birch_log":93,"minecraft:cracked_deepslate_tiles":2,"minecraft:oak_log":314,"minecraft:waxed_oxidized_copper":4,"minecraft:sand":1233,"minecraft:dirt":2711,"minecraft:crimson_planks":1,"minecraft:netherrack":1483,"minecraft:oak_leaves":464,"minecraft:nether_gold_ore":33,"minecraft:crying_obsidian":2,"minecraft:tuff":119,"minecraft:quartz_stairs":5,"minecraft:dark_oak_leaves":10,"minecraft:deepslate_diamond_ore":71,"minecraft:oak_door":1,"minecraft:glow_lichen":2,"minecraft:decorated_pot":11,"minecraft:sandstone":1,"minecraft:crimson_stem":30,"minecraft:hay_block":1,"minecraft:spore_blossom":4,"minecraft:furnace":2,"minecraft:carrots":100,"minecraft:nether_sprouts":3,"minecraft:black_concrete":923,"minecraft:peony":1,"minecraft:gold_block":1,"minecraft:bookshelf":48,"minecraft:deepslate_iron_ore":106,"minecraft:lantern":4,"minecraft:blue_glazed_terracotta":6,"minecraft:stone":2375,"minecraft:flowering_azalea":4,"minecraft:basalt":75,"minecraft:crafting_table":2,"minecraft:sculk_sensor":19,"minecraft:lapis_ore":17,"minecraft:polished_blackstone_brick_stairs":1,"minecraft:sculk":300,"minecraft:blue_bed":2,"minecraft:gray_wool":32,"minecraft:birch_planks":3,"minecraft:cactus":30,"minecraft:polished_blackstone_slab":3,"minecraft:polished_blackstone_stairs":13,"minecraft:white_wall_banner":1,"minecraft:yellow_bed":2,"minecraft:coal_ore":445,"minecraft:flower_pot":1,"minecraft:small_dripleaf":1},"minecraft:broken":{"minecraft:diamond_helmet":1,"minecraft:iron_boots":1,"minecraft:iron_sword":2,"minecraft:diamond_leggings":1,"minecraft:shield":1,"minecraft:iron_pickaxe":2,"minecraft:iron_shovel":2,"minecraft:diamond_boots":1,"minecraft:leather_chestplate":1},"minecraft:killed":{"minecraft:skeleton":541,"minecraft:chicken":33,"minecraft:magma_cube":39,"minecraft:salmon":6,"minecraft:iron_golem":1,"minecraft:pillager":14,"minecraft:donkey":1,"minecraft:zombie":152,"minecraft:cow":35,"minecraft:evoker":5,"minecraft:vindicator":9,"minecraft:husk":12,"minecraft:ravager":1,"minecraft:breeze":4,"minecraft:enderman":15,"minecraft:zombified_piglin":12,"minecraft:witch":7,"minecraft:spider":34,"minecraft:wither":1,"minecraft:silverfish":51,"minecraft:turtle":1,"minecraft:piglin_brute":3,"minecraft:piglin":8,"minecraft:pig":41,"minecraft:creeper":71,"minecraft:sheep":41,"minecraft:ghast":3,"minecraft:blaze":3,"minecraft:vex":4,"minecraft:armadillo":1,"minecraft:slime":44,"minecraft:phantom":38,"minecraft:drowned":13,"minecraft:hoglin":1,"minecraft:squid":30,"minecraft:wither_skeleton":2},"minecraft:picked_up":{"minecraft:wooden_axe":1,"minecraft:seagrass":2,"minecraft:iron_chestplate":3,"minecraft:chainmail_boots":1,"minecraft:flower_pot":1,"minecraft:smithing_table":3,"minecraft:lead":1,"minecraft:diamond_sword":6,"minecraft:acacia_pressure_plate":1,"minecraft:wither_rose":3,"minecraft:enchanted_book":5,"minecraft:golden_shovel":1,"minecraft:brewing_stand":3,"minecraft:golden_sword":2,"minecraft:polished_blackstone_brick_stairs":1,"minecraft:string":46,"minecraft:soul_soil":15,"minecraft:diamond_leggings":3,"minecraft:gold_nugget":183,"minecraft:cobbled_deepslate":998,"minecraft:trial_key":18,"minecraft:enchanted_golden_apple":2,"minecraft:melon_slice":330,"minecraft:dark_oak_door":2,"minecraft:golden_helmet":4,"minecraft:polished_blackstone_stairs":13,"minecraft:big_dripleaf":7,"minecraft:acacia_log":1,"minecraft:waxed_copper_grate":2,"minecraft:golden_chestplate":1,"travelersbackpack:iron":1,"minecraft:stone_sword":4,"minecraft:honey_bottle":6,"minecraft:blue_glazed_terracotta":6,"minecraft:tropical_fish":5,"minecraft:armadillo_scute":2,"minecraft:cyan_terracotta":71,"minecraft:bookshelf":48,"minecraft:blaze_rod":9,"minecraft:birch_log":124,"minecraft:magma_block":5,"minecraft:cooked_beef":78,"minecraft:feather":46,"minecraft:water_bucket":4,"minecraft:brown_wool":2,"minecraft:smoker":3,"minecraft:flint":36,"minecraft:lantern":4,"minecraft:twisting_vines":1,"minecraft:guster_banner_pattern":1,"minecraft:diamond_helmet":3,"minecraft:glowstone_dust":65,"minecraft:moss_block":30,"minecraft:ink_sac":103,"minecraft:dark_oak_log":328,"minecraft:black_concrete_powder":15,"minecraft:granite":54,"minecraft:golden_horse_armor":1,"minecraft:bread":30,"minecraft:music_disc_precipice":1,"minecraft:bricks":7,"minecraft:ominous_trial_key":5,"minecraft:crimson_roots":2,"minecraft:diamond_pickaxe":13,"minecraft:crafting_table":4,"travelersbackpack:hay":1,"minecraft:ominous_bottle":3,"minecraft:clay_ball":1380,"minecraft:leather_leggings":4,"travelersbackpack:sandstone":1,"minecraft:wind_charge":38,"minecraft:cornflower":1,"minecraft:flow_banner_pattern":1,"minecraft:flint_and_steel":3,"minecraft:compass":1,"minecraft:iron_shovel":3,"minecraft:polished_blackstone_wall":35,"minecraft:glass_pane":15,"minecraft:beef":104,"minecraft:chiseled_tuff":2,"minecraft:poppy":7,"minecraft:guster_pottery_sherd":1,"minecraft:quartz_stairs":5,"minecraft:chest":3,"minecraft:birch_sapling":65,"minecraft:waxed_oxidized_copper":2,"minecraft:diamond_hoe":1,"minecraft:egg":11,"minecraft:sandstone":1,"minecraft:stone":94,"minecraft:oak_door":2,"minecraft:fire_charge":8,"minecraft:flow_pottery_sherd":1,"minecraft:carrot":392,"minecraft:redstone":697,"minecraft:music_disc_creator_music_box":1,"minecraft:prismarine_crystals":2,"minecraft:stone_shovel":1,"minecraft:diamond_chestplate":5,"minecraft:peony":2,"minecraft:shears":9,"minecraft:diamond_boots":3,"minecraft:hay_block":122,"minecraft:yellow_terracotta":2,"minecraft:totem_of_undying":6,"minecraft:polished_blackstone":467,"minecraft:tuff_bricks":1,"minecraft:glow_berries":22,"minecraft:mutton":84,"minecraft:white_wool":76,"minecraft:bone_block":23,"minecraft:oxeye_daisy":1,"minecraft:filled_map":2,"minecraft:oak_log":394,"minecraft:golden_boots":5,"minecraft:blue_bed":2,"minecraft:paper":29,"minecraft:white_banner":6,"minecraft:apple":14,"minecraft:kelp":17,"minecraft:warped_stem":12,"minecraft:spore_blossom":4,"minecraft:stone_pickaxe":3,"minecraft:glass_bottle":3,"minecraft:iron_sword":7,"minecraft:flowering_azalea":4,"minecraft:dark_oak_stairs":5,"minecraft:smooth_basalt":4,"minecraft:dark_oak_slab":6,"minecraft:gravel":397,"minecraft:crying_obsidian":2,"minecraft:leather_helmet":1,"minecraft:diamond_shovel":5,"minecraft:coal_ore":13,"minecraft:slime_ball":68,"minecraft:stone_axe":3,"minecraft:polished_diorite":32,"minecraft:diamond_axe":1,"minecraft:painting":27,"minecraft:gray_wool":34,"minecraft:polished_blackstone_brick_wall":35,"minecraft:warped_roots":6,"minecraft:baked_potato":74,"minecraft:melon_seeds":3,"minecraft:warped_nylium":1,"minecraft:ender_pearl":37,"minecraft:wheat":125,"minecraft:yellow_wool":12,"minecraft:potion":13,"minecraft:crimson_planks":1,"minecraft:raw_copper":79,"minecraft:iron_leggings":4,"minecraft:deepslate_tiles":2,"minecraft:smooth_stone":2,"minecraft:bucket":4,"minecraft:calcite":15,"minecraft:azalea":4,"minecraft:iron_pickaxe":6,"minecraft:iron_boots":6,"minecraft:furnace":4,"minecraft:tipped_arrow":27,"minecraft:stick":132,"minecraft:acacia_fence":1,"minecraft:torch":483,"minecraft:porkchop":130,"minecraft:diorite":390,"minecraft:pointed_dripstone":29,"minecraft:vine":8,"minecraft:quartz_block":992,"minecraft:cactus":47,"minecraft:rotten_flesh":323,"minecraft:obsidian":15,"minecraft:blaze_powder":4,"minecraft:cobblestone":2823,"minecraft:nautilus_shell":1,"minecraft:enchanting_table":6,"minecraft:leather_chestplate":2,"minecraft:magma_cream":1,"minecraft:golden_leggings":4,"minecraft:andesite":25,"minecraft:potato":162,"minecraft:tuff":109,"minecraft:dirt":4297,"minecraft:lapis_lazuli":419,"minecraft:leather_boots":3,"minecraft:glass":180,"minecraft:bone":326,"minecraft:acacia_planks":6,"minecraft:bow":42,"minecraft:wheat_seeds":426,"minecraft:raw_gold":120,"minecraft:grindstone":1,"minecraft:bamboo":258,"minecraft:oak_planks":58,"minecraft:cooked_porkchop":65,"minecraft:poisonous_potato":1,"minecraft:polished_blackstone_slab":3,"minecraft:sand":1074,"minecraft:grass_block":5,"minecraft:mossy_cobblestone":60,"minecraft:sugar":6,"minecraft:diamond":120,"minecraft:black_concrete":915,"minecraft:cracked_polished_blackstone_bricks":12,"minecraft:crossbow":4,"minecraft:breeze_rod":25,"minecraft:bone_meal":1,"minecraft:golden_apple":10,"minecraft:emerald":120,"minecraft:oak_sapling":51,"minecraft:netherrack":1466,"minecraft:oak_leaves":121,"minecraft:fishing_rod":1,"minecraft:waxed_oxidized_cut_copper":1,"minecraft:chicken":44,"minecraft:wooden_pickaxe":3,"minecraft:gold_block":1,"minecraft:chain":1,"minecraft:brick":61,"minecraft:shield":13,"minecraft:moss_carpet":7,"minecraft:iron_axe":3,"minecraft:blackstone":206,"minecraft:oak_boat":4,"minecraft:light_gray_wool":1,"minecraft:lectern":4,"minecraft:sugar_cane":56,"minecraft:phantom_membrane":15,"minecraft:dark_oak_sapling":35,"minecraft:raw_iron":318,"minecraft:copper_ingot":3,"minecraft:polished_blackstone_bricks":84,"minecraft:quartz_pillar":12,"minecraft:dark_oak_planks":27,"minecraft:arrow":379,"minecraft:weeping_vines":2,"minecraft:nether_bricks":9,"minecraft:saddle":3,"minecraft:glistering_melon_slice":22,"minecraft:cracked_deepslate_tiles":2,"minecraft:basalt":65,"minecraft:glow_ink_sac":26,"travelersbackpack:melon":16,"minecraft:golden_carrot":7,"minecraft:crimson_stem":29,"minecraft:salmon":6,"minecraft:cut_sandstone":1,"minecraft:leather":81,"minecraft:birch_planks":10,"minecraft:waxed_copper_block":2,"minecraft:yellow_bed":2,"minecraft:gunpowder":57,"minecraft:cooked_mutton":10,"minecraft:coast_armor_trim_smithing_template":4,"minecraft:iron_ingot":19,"minecraft:cooked_chicken":7,"minecraft:soul_sand":56,"minecraft:book":96,"minecraft:warped_fungus":9,"minecraft:pumpkin":30,"minecraft:heavy_core":1,"minecraft:quartz":920,"minecraft:dandelion":9,"minecraft:amethyst_shard":8,"minecraft:blast_furnace":1,"minecraft:white_bed":8,"minecraft:spider_eye":25,"minecraft:polished_diorite_stairs":1,"minecraft:campfire":2,"minecraft:chainmail_leggings":1,"minecraft:iron_helmet":2,"minecraft:black_wool":3,"minecraft:chiseled_tuff_bricks":2,"minecraft:coal":894},"minecraft:custom":{"minecraft:interact_with_crafting_table":218,"minecraft:open_barrel":8,"minecraft:bell_ring":3,"minecraft:leave_game":25,"minecraft:time_since_death":37533,"minecraft:damage_blocked_by_shield":8894,"minecraft:play_time":2409539,"minecraft:deaths":21,"minecraft:jump":21152,"minecraft:interact_with_furnace":209,"minecraft:traded_with_villager":709,"minecraft:sleep_in_bed":37,"minecraft:damage_dealt":113033,"minecraft:interact_with_smoker":93,"minecraft:use_cauldron":5,"minecraft:inspect_dispenser":5,"minecraft:horse_one_cm":24644,"minecraft:interact_with_smithing_table":11,"minecraft:interact_with_anvil":51,"minecraft:sneak_time":151972,"minecraft:interact_with_blast_furnace":89,"minecraft:total_world_time":2409539,"minecraft:interact_with_stonecutter":7,"minecraft:time_since_rest":20583,"minecraft:swim_one_cm":258113,"minecraft:fly_one_cm":2361081,"minecraft:open_chest":1381,"minecraft:fall_one_cm":660020,"minecraft:damage_resisted":242,"minecraft:sprint_one_cm":5929676,"minecraft:drop":119,"minecraft:talked_to_villager":280,"minecraft:interact_with_brewingstand":24,"minecraft:walk_on_water_one_cm":309973,"minecraft:interact_with_beacon":1,"minecraft:crouch_one_cm":632716,"minecraft:mob_kills":1293,"minecraft:climb_one_cm":20501,"minecraft:walk_one_cm":6660794,"minecraft:raid_win":1,"minecraft:walk_under_water_one_cm":263789,"minecraft:boat_one_cm":1409210,"minecraft:interact_with_grindstone":3,"minecraft:damage_taken":28913,"minecraft:damage_absorbed":662},"minecraft:dropped":{"minecraft:crimson_stem":15,"minecraft:porkchop":6,"minecraft:glass_bottle":1,"minecraft:cooked_porkchop":1,"minecraft:weeping_vines":2,"minecraft:crossbow":1,"minecraft:warped_roots":4,"minecraft:emerald":8,"minecraft:dirt":8,"minecraft:bone_meal":1,"minecraft:iron_pickaxe":1,"minecraft:fishing_rod":1,"minecraft:white_wool":12,"minecraft:emerald_block":7,"minecraft:cobbled_deepslate":61,"minecraft:birch_sapling":5,"minecraft:rotten_flesh":42,"minecraft:deepslate_tiles":1,"minecraft:glass":1,"minecraft:acacia_fence":1,"minecraft:wheat_seeds":76,"minecraft:book":42,"minecraft:cobblestone":9,"minecraft:apple":3,"minecraft:granite":42,"minecraft:ink_sac":1,"minecraft:potion":1,"minecraft:string":3,"minecraft:furnace":1,"minecraft:moss_carpet":7,"minecraft:stone":7,"minecraft:peony":1,"minecraft:diamond_pickaxe":3,"minecraft:spider_eye":2,"minecraft:sandstone":1,"minecraft:bow":10,"minecraft:black_wool":2,"minecraft:soul_sand":1,"minecraft:diamond_axe":1,"minecraft:oak_log":2,"minecraft:music_disc_13":1,"minecraft:cornflower":1,"minecraft:crimson_roots":2,"minecraft:coast_armor_trim_smithing_template":2,"minecraft:polished_blackstone_bricks":26,"minecraft:gravel":1,"minecraft:twisting_vines":1,"minecraft:pointed_dripstone":7,"minecraft:carrot":72,"minecraft:poppy":1,"minecraft:chest":6,"minecraft:acacia_pressure_plate":1,"minecraft:poisonous_potato":1,"minecraft:copper_ingot":2,"minecraft:stick":2,"minecraft:diorite":1,"minecraft:torch":11,"minecraft:melon_slice":31,"minecraft:waxed_oxidized_copper":2,"minecraft:iron_axe":2,"minecraft:bucket":1,"minecraft:music_disc_cat":1,"minecraft:warped_nylium":1,"minecraft:shield":1,"minecraft:andesite":3,"minecraft:stone_pickaxe":2,"minecraft:wooden_pickaxe":4,"travelersbackpack:hose":1}},"DataVersion":3953}