{"stats":{"minecraft:dropped":{"minecraft:crimson_stem":15,"minecraft:soul_sand":1,"minecraft:porkchop":6,"minecraft:oak_log":2,"minecraft:weeping_vines":2,"minecraft:warped_roots":4,"minecraft:dirt":8,"minecraft:cornflower":1,"minecraft:crimson_roots":2,"minecraft:coast_armor_trim_smithing_template":2,"minecraft:polished_blackstone_bricks":26,"minecraft:iron_pickaxe":1,"minecraft:white_wool":12,"minecraft:cobbled_deepslate":57,"minecraft:twisting_vines":1,"minecraft:birch_sapling":5,"minecraft:rotten_flesh":42,"minecraft:carrot":59,"minecraft:acacia_fence":1,"minecraft:acacia_pressure_plate":1,"minecraft:wheat_seeds":66,"minecraft:poisonous_potato":1,"minecraft:cobblestone":9,"minecraft:apple":3,"minecraft:stick":2,"minecraft:diorite":1,"minecraft:ink_sac":1,"minecraft:torch":11,"minecraft:melon_slice":31,"minecraft:potion":1,"minecraft:string":3,"minecraft:bucket":1,"minecraft:furnace":1,"minecraft:warped_nylium":1,"minecraft:peony":1,"minecraft:diamond_pickaxe":3,"minecraft:andesite":3,"minecraft:spider_eye":2,"minecraft:sandstone":1,"minecraft:bow":8,"minecraft:stone_pickaxe":2,"minecraft:wooden_pickaxe":4,"travelersbackpack:hose":1,"minecraft:black_wool":2},"minecraft:custom":{"minecraft:interact_with_crafting_table":164,"minecraft:open_barrel":7,"minecraft:bell_ring":1,"minecraft:leave_game":13,"minecraft:time_since_death":324738,"minecraft:sprint_one_cm":2845684,"minecraft:damage_blocked_by_shield":7949,"minecraft:drop":83,"minecraft:talked_to_villager":232,"minecraft:play_time":1364926,"minecraft:deaths":20,"minecraft:jump":12473,"minecraft:interact_with_brewingstand":23,"minecraft:walk_on_water_one_cm":141225,"minecraft:interact_with_furnace":95,"minecraft:traded_with_villager":651,"minecraft:sleep_in_bed":25,"minecraft:damage_dealt":69142,"minecraft:crouch_one_cm":275426,"minecraft:interact_with_smoker":62,"minecraft:use_cauldron":5,"minecraft:inspect_dispenser":2,"minecraft:interact_with_smithing_table":9,"minecraft:interact_with_anvil":34,"minecraft:mob_kills":853,"minecraft:climb_one_cm":7906,"minecraft:walk_one_cm":3772108,"minecraft:sneak_time":80563,"minecraft:walk_under_water_one_cm":79439,"minecraft:boat_one_cm":845371,"minecraft:interact_with_blast_furnace":65,"minecraft:total_world_time":1364926,"minecraft:interact_with_stonecutter":3,"minecraft:interact_with_grindstone":3,"minecraft:time_since_rest":53574,"minecraft:damage_taken":21221,"minecraft:damage_absorbed":40,"minecraft:swim_one_cm":66807,"minecraft:fly_one_cm":1192304,"minecraft:open_chest":754,"minecraft:fall_one_cm":363042},"minecraft:crafted":{"minecraft:grindstone":1,"minecraft:smooth_stone":7,"minecraft:oak_planks":2352,"minecraft:cobblestone_slab":6,"travelersbackpack:crafting_upgrade":1,"minecraft:blaze_powder":4,"minecraft:cooked_chicken":14,"travelersbackpack:hose_nozzle":2,"minecraft:stone":15,"minecraft:diamond_shovel":3,"minecraft:cooked_mutton":34,"minecraft:warped_planks":12,"minecraft:green_dye":8,"minecraft:bamboo_block":3,"minecraft:quartz_block":400,"minecraft:glass":74,"minecraft:hopper":1,"minecraft:diamond_helmet":3,"minecraft:diamond_leggings":3,"minecraft:bow":3,"minecraft:iron_boots":3,"minecraft:chest":15,"minecraft:smoker":2,"minecraft:glass_bottle":6,"travelersbackpack:iron_tier_upgrade":1,"minecraft:emerald":476,"minecraft:arrow":112,"minecraft:cooked_porkchop":48,"minecraft:diamond_axe":1,"minecraft:crafting_table":8,"travelersbackpack:lapis":1,"travelersbackpack:standard":3,"minecraft:baked_potato":156,"minecraft:wooden_pickaxe":1,"minecraft:iron_helmet":2,"minecraft:copper_ingot":2,"minecraft:gold_block":34,"minecraft:hay_block":33,"minecraft:brewing_stand":1,"minecraft:birch_planks":5144,"minecraft:bamboo_planks":6,"minecraft:iron_chestplate":3,"minecraft:book":3,"minecraft:diamond_pickaxe":4,"minecraft:emerald_block":3,"minecraft:shield":5,"minecraft:stick":14693,"minecraft:stone_slab":6,"minecraft:iron_ingot":554,"minecraft:iron_pickaxe":3,"minecraft:iron_block":71,"minecraft:gold_ingot":121,"minecraft:polished_diorite_stairs":16,"minecraft:shears":2,"travelersbackpack:melon":2,"travelersbackpack:hay":1,"minecraft:oak_door":3,"minecraft:redstone":9,"minecraft:furnace":14,"minecraft:blast_furnace":2,"minecraft:bone_meal":369,"travelersbackpack:blank_upgrade":4,"travelersbackpack:gold_tier_upgrade":2,"minecraft:diamond_block":12,"minecraft:diamond":54,"minecraft:polished_diorite":348,"minecraft:iron_axe":1,"minecraft:ladder":6,"minecraft:iron_hoe":1,"minecraft:diamond_boots":3,"minecraft:redstone_block":110,"minecraft:golden_helmet":1,"minecraft:birch_sign":3,"travelersbackpack:diamond_tier_upgrade":1,"travelersbackpack:hose":2,"minecraft:wheat":360,"minecraft:cooked_beef":6,"minecraft:crimson_planks":56,"minecraft:diamond_sword":4,"travelersbackpack:backpack_tank":2,"minecraft:iron_sword":4,"minecraft:blue_bed":1,"minecraft:cooked_salmon":1,"minecraft:bucket":2,"minecraft:stone_axe":1,"minecraft:enchanted_book":24,"minecraft:air":0,"minecraft:bread":70,"minecraft:blue_dye":1,"minecraft:oak_boat":2,"minecraft:gold_nugget":2,"minecraft:wooden_axe":1,"minecraft:iron_shovel":3,"minecraft:iron_leggings":3,"minecraft:stonecutter":1,"minecraft:anvil":2,"minecraft:white_bed":4,"minecraft:acacia_planks":4,"minecraft:torch":380,"minecraft:lapis_block":51,"minecraft:diamond_chestplate":4},"minecraft:picked_up":{"minecraft:wooden_axe":1,"minecraft:iron_chestplate":3,"minecraft:wheat":122,"minecraft:chainmail_boots":1,"minecraft:flower_pot":1,"minecraft:yellow_wool":12,"minecraft:smithing_table":2,"minecraft:diamond_sword":5,"minecraft:acacia_pressure_plate":1,"minecraft:potion":3,"minecraft:enchanted_book":2,"minecraft:golden_shovel":1,"minecraft:crimson_planks":1,"minecraft:golden_sword":2,"minecraft:polished_blackstone_brick_stairs":1,"minecraft:string":23,"minecraft:soul_soil":15,"minecraft:raw_copper":4,"minecraft:iron_leggings":4,"minecraft:diamond_leggings":2,"minecraft:smooth_stone":2,"minecraft:gold_nugget":183,"minecraft:cobbled_deepslate":937,"minecraft:bucket":4,"minecraft:trial_key":8,"minecraft:calcite":15,"minecraft:iron_pickaxe":6,"minecraft:enchanted_golden_apple":1,"minecraft:melon_slice":330,"minecraft:iron_boots":6,"minecraft:furnace":3,"minecraft:tipped_arrow":2,"minecraft:golden_helmet":4,"minecraft:stick":81,"minecraft:acacia_fence":1,"minecraft:torch":240,"minecraft:acacia_log":1,"minecraft:porkchop":94,"minecraft:pointed_dripstone":22,"minecraft:diorite":377,"minecraft:golden_chestplate":1,"travelersbackpack:iron":1,"minecraft:quartz_block":426,"minecraft:stone_sword":4,"minecraft:cactus":8,"minecraft:honey_bottle":3,"minecraft:rotten_flesh":190,"minecraft:blaze_rod":9,"minecraft:obsidian":13,"minecraft:cobblestone":2045,"minecraft:birch_log":124,"minecraft:magma_block":4,"minecraft:leather_chestplate":2,"minecraft:feather":14,"minecraft:cooked_beef":57,"minecraft:magma_cream":1,"minecraft:water_bucket":4,"minecraft:andesite":20,"minecraft:brown_wool":2,"minecraft:golden_leggings":2,"minecraft:smoker":3,"minecraft:potato":162,"minecraft:flint":6,"minecraft:tuff":101,"minecraft:lapis_lazuli":188,"minecraft:dirt":3044,"minecraft:twisting_vines":1,"minecraft:leather_boots":3,"minecraft:glass":34,"minecraft:bone":198,"minecraft:acacia_planks":6,"minecraft:bow":33,"minecraft:wheat_seeds":399,"minecraft:raw_gold":101,"minecraft:diamond_helmet":2,"minecraft:glowstone_dust":65,"minecraft:bamboo":200,"minecraft:oak_planks":58,"minecraft:cooked_porkchop":49,"minecraft:poisonous_potato":1,"minecraft:sand":118,"minecraft:ink_sac":1,"minecraft:grass_block":1,"minecraft:mossy_cobblestone":60,"minecraft:diamond":69,"minecraft:cracked_polished_blackstone_bricks":12,"minecraft:granite":7,"minecraft:crossbow":1,"minecraft:breeze_rod":2,"minecraft:golden_apple":4,"minecraft:emerald":40,"minecraft:golden_horse_armor":1,"minecraft:bread":30,"minecraft:oak_sapling":48,"minecraft:netherrack":1464,"minecraft:crimson_roots":2,"minecraft:diamond_pickaxe":12,"minecraft:waxed_oxidized_cut_copper":1,"minecraft:crafting_table":4,"travelersbackpack:hay":1,"minecraft:chicken":15,"minecraft:leather_leggings":3,"minecraft:wooden_pickaxe":3,"minecraft:brick":58,"minecraft:shield":10,"minecraft:wind_charge":5,"minecraft:cornflower":1,"minecraft:flint_and_steel":3,"minecraft:compass":1,"minecraft:iron_shovel":3,"minecraft:blackstone":202,"minecraft:beef":75,"minecraft:poppy":3,"minecraft:light_gray_wool":1,"minecraft:lectern":4,"minecraft:guster_pottery_sherd":1,"minecraft:sugar_cane":56,"minecraft:chest":3,"minecraft:birch_sapling":65,"minecraft:phantom_membrane":12,"minecraft:diamond_hoe":1,"minecraft:egg":5,"minecraft:raw_iron":262,"minecraft:sandstone":1,"minecraft:stone":81,"minecraft:oak_door":2,"minecraft:fire_charge":8,"minecraft:polished_blackstone_bricks":84,"minecraft:flow_pottery_sherd":1,"minecraft:carrot":389,"minecraft:redstone":605,"minecraft:music_disc_creator_music_box":1,"minecraft:stone_shovel":1,"minecraft:arrow":217,"minecraft:weeping_vines":2,"minecraft:diamond_chestplate":3,"minecraft:peony":2,"minecraft:nether_bricks":9,"minecraft:shears":8,"minecraft:diamond_boots":2,"minecraft:hay_block":122,"minecraft:saddle":1,"minecraft:glistering_melon_slice":22,"minecraft:polished_blackstone":349,"minecraft:tuff_bricks":1,"minecraft:mutton":66,"minecraft:white_wool":66,"minecraft:bone_block":23,"minecraft:oxeye_daisy":1,"minecraft:basalt":65,"travelersbackpack:melon":15,"minecraft:golden_carrot":5,"minecraft:glow_ink_sac":15,"minecraft:crimson_stem":29,"minecraft:salmon":1,"minecraft:leather":43,"minecraft:birch_planks":10,"minecraft:oak_log":319,"minecraft:waxed_copper_block":2,"minecraft:golden_boots":5,"minecraft:yellow_bed":2,"minecraft:gunpowder":15,"minecraft:paper":29,"minecraft:cooked_mutton":3,"minecraft:coast_armor_trim_smithing_template":4,"minecraft:apple":10,"minecraft:warped_stem":12,"minecraft:iron_ingot":10,"minecraft:stone_pickaxe":3,"minecraft:glass_bottle":2,"minecraft:iron_sword":7,"minecraft:soul_sand":56,"minecraft:book":44,"minecraft:smooth_basalt":4,"minecraft:warped_fungus":9,"minecraft:pumpkin":30,"minecraft:quartz":920,"minecraft:dandelion":5,"minecraft:gravel":44,"minecraft:amethyst_shard":8,"minecraft:blast_furnace":1,"minecraft:white_bed":6,"minecraft:spider_eye":9,"minecraft:polished_diorite_stairs":1,"minecraft:diamond_shovel":4,"minecraft:polished_diorite":32,"minecraft:stone_axe":3,"minecraft:chainmail_leggings":1,"minecraft:iron_helmet":2,"minecraft:gray_wool":34,"minecraft:warped_roots":6,"minecraft:baked_potato":63,"minecraft:black_wool":2,"minecraft:warped_nylium":1,"minecraft:coal":492,"minecraft:chiseled_tuff_bricks":1,"minecraft:ender_pearl":3},"minecraft:mined":{"minecraft:white_bed":5,"minecraft:sculk_vein":6,"minecraft:obsidian":7,"minecraft:granite":2,"minecraft:grass_block":1430,"minecraft:cracked_polished_blackstone_bricks":12,"minecraft:soul_soil":12,"minecraft:polished_diorite":32,"minecraft:chiseled_tuff_bricks":1,"minecraft:oxeye_daisy":1,"minecraft:gilded_blackstone":2,"minecraft:smooth_stone":1,"minecraft:polished_blackstone_bricks":89,"minecraft:weeping_vines_plant":3,"minecraft:magma_block":6,"minecraft:sculk_catalyst":1,"minecraft:glowstone":25,"minecraft:iron_ore":140,"minecraft:fire":8,"minecraft:cobbled_deepslate":17,"minecraft:pumpkin":15,"minecraft:deepslate_lapis_ore":11,"minecraft:azure_bluet":1,"minecraft:sculk_shrieker":4,"minecraft:pointed_dripstone":8,"minecraft:dirt_path":2,"minecraft:deepslate_redstone_ore":99,"minecraft:quartz_block":329,"travelersbackpack:melon":8,"minecraft:blackstone":221,"minecraft:smoker":3,"minecraft:soul_fire":14,"minecraft:amethyst_cluster":2,"minecraft:torch":26,"minecraft:blast_furnace":1,"minecraft:melon":26,"minecraft:calcite":16,"minecraft:poppy":1,"minecraft:chest":3,"minecraft:nether_quartz_ore":472,"minecraft:cobblestone":219,"minecraft:sugar_cane":12,"minecraft:wall_torch":27,"minecraft:polished_diorite_stairs":1,"minecraft:warped_nylium":17,"minecraft:yellow_wool":6,"minecraft:birch_log":93,"minecraft:wheat":124,"minecraft:waxed_copper_block":2,"minecraft:warped_fungus":10,"minecraft:oak_log":239,"minecraft:sand":118,"minecraft:dirt":2031,"minecraft:crimson_planks":1,"minecraft:smooth_basalt":5,"minecraft:netherrack":1479,"minecraft:oak_leaves":306,"minecraft:deepslate":830,"minecraft:nether_gold_ore":33,"minecraft:tuff":108,"minecraft:mossy_cobblestone":60,"minecraft:deepslate_diamond_ore":51,"minecraft:oak_door":1,"minecraft:glow_lichen":2,"minecraft:nether_bricks":3,"minecraft:decorated_pot":11,"minecraft:crimson_roots":2,"minecraft:sandstone":1,"minecraft:crimson_stem":30,"minecraft:hay_block":1,"minecraft:redstone_ore":4,"minecraft:waxed_oxidized_cut_copper":3,"minecraft:furnace":1,"minecraft:carrots":100,"minecraft:nether_sprouts":3,"minecraft:andesite":19,"minecraft:peony":1,"minecraft:bookshelf":14,"minecraft:potatoes":42,"minecraft:deepslate_iron_ore":105,"minecraft:warped_stem":12,"minecraft:bamboo":9,"minecraft:stone":1639,"minecraft:bone_block":22,"minecraft:white_wool":6,"minecraft:smithing_table":1,"minecraft:soul_sand":15,"minecraft:basalt":75,"minecraft:dandelion":4,"minecraft:crafting_table":2,"minecraft:cornflower":1,"minecraft:short_grass":142,"minecraft:warped_roots":3,"minecraft:sculk_sensor":6,"minecraft:copper_ore":2,"minecraft:tall_grass":31,"minecraft:lapis_ore":15,"minecraft:deepslate_gold_ore":50,"minecraft:polished_blackstone_brick_stairs":1,"minecraft:sculk":51,"minecraft:diorite":411,"minecraft:gray_wool":32,"minecraft:birch_planks":3,"minecraft:cactus":2,"minecraft:birch_leaves":58,"minecraft:yellow_bed":2,"minecraft:coal_ore":264,"minecraft:flower_pot":1,"minecraft:gravel":48,"minecraft:dripstone_block":1,"minecraft:polished_blackstone":217,"minecraft:gold_ore":17},"minecraft:killed_by":{"minecraft:zombified_piglin":1,"minecraft:creeper":3,"minecraft:drowned":3,"minecraft:blaze":1,"minecraft:zombie":1,"minecraft:enderman":2,"minecraft:iron_golem":1,"minecraft:skeleton":5},"minecraft:used":{"minecraft:iron_shovel":578,"travelersbackpack:lapis":1,"minecraft:polished_blackstone":605,"minecraft:ladder":6,"minecraft:diamond_hoe":84,"minecraft:shield":159,"minecraft:chest":16,"minecraft:iron_sword":910,"minecraft:stone":21,"minecraft:nether_wart":8,"minecraft:iron_chestplate":3,"minecraft:soul_sand":13,"travelersbackpack:hay":1,"minecraft:carrot":174,"minecraft:tuff":97,"minecraft:obsidian":12,"minecraft:glass":4,"minecraft:quartz_block":844,"minecraft:iron_helmet":2,"minecraft:bow":479,"minecraft:furnace":12,"minecraft:polished_diorite_stairs":15,"minecraft:potato":70,"minecraft:diorite":2,"minecraft:diamond_boots":1,"minecraft:stone_pickaxe":96,"minecraft:ender_pearl":1,"minecraft:wooden_pickaxe":1,"travelersbackpack:melon":17,"minecraft:diamond_axe":402,"minecraft:blue_bed":1,"minecraft:golden_apple":1,"minecraft:blast_furnace":3,"minecraft:shears":32,"minecraft:melon_slice":28,"minecraft:bread":47,"minecraft:brown_wool":1,"minecraft:golden_helmet":1,"minecraft:diamond_sword":504,"minecraft:andesite":1,"minecraft:grindstone":1,"minecraft:smithing_table":2,"minecraft:oak_boat":2,"minecraft:air":1,"minecraft:bone_meal":305,"minecraft:stone_sword":67,"minecraft:flint_and_steel":1,"minecraft:cooked_salmon":1,"minecraft:cooked_chicken":10,"minecraft:trial_key":6,"minecraft:netherrack":347,"minecraft:oak_door":3,"minecraft:torch":360,"minecraft:brewing_stand":1,"minecraft:dirt":2237,"minecraft:anvil":2,"minecraft:hopper":1,"minecraft:diamond_helmet":1,"minecraft:polished_diorite":330,"minecraft:iron_hoe":161,"minecraft:wooden_axe":34,"minecraft:bookshelf":6,"minecraft:iron_axe":177,"minecraft:iron_boots":4,"minecraft:diamond_chestplate":2,"minecraft:golden_carrot":2,"minecraft:soul_soil":1,"travelersbackpack:hose":14,"minecraft:cooked_beef":23,"minecraft:cobbled_deepslate":88,"minecraft:iron_leggings":2,"minecraft:wheat_seeds":151,"minecraft:cooked_mutton":27,"minecraft:water_bucket":16,"minecraft:birch_planks":3,"minecraft:glass_bottle":8,"minecraft:baked_potato":98,"minecraft:stonecutter":1,"minecraft:cobblestone_slab":6,"minecraft:polished_blackstone_bricks":26,"minecraft:crafting_table":10,"minecraft:birch_sign":2,"minecraft:white_bed":8,"minecraft:smoker":4,"minecraft:flower_pot":1,"minecraft:diamond_pickaxe":6447,"minecraft:apple":1,"minecraft:diamond_shovel":2963,"minecraft:wind_charge":1,"minecraft:iron_pickaxe":668,"minecraft:stone_axe":216,"travelersbackpack:standard":3,"minecraft:cobblestone":502,"minecraft:potion":4,"minecraft:cooked_porkchop":53,"minecraft:bucket":33,"minecraft:yellow_bed":2,"minecraft:diamond_leggings":3,"minecraft:splash_potion":5,"minecraft:gray_wool":16},"minecraft:broken":{"minecraft:iron_shovel":2,"minecraft:iron_boots":1,"minecraft:iron_sword":2,"minecraft:leather_chestplate":1,"minecraft:shield":1,"minecraft:iron_pickaxe":2},"minecraft:killed":{"minecraft:zombified_piglin":12,"minecraft:witch":2,"minecraft:spider":18,"minecraft:skeleton":485,"minecraft:chicken":12,"minecraft:silverfish":16,"minecraft:piglin_brute":3,"minecraft:magma_cube":39,"minecraft:piglin":8,"minecraft:pig":27,"minecraft:salmon":1,"minecraft:iron_golem":1,"minecraft:creeper":18,"minecraft:sheep":31,"minecraft:zombie":99,"minecraft:ghast":3,"minecraft:blaze":3,"minecraft:cow":23,"minecraft:slime":4,"minecraft:phantom":26,"minecraft:drowned":3,"minecraft:hoglin":1,"minecraft:squid":1,"minecraft:breeze":1,"minecraft:wither_skeleton":2,"minecraft:enderman":6}},"DataVersion":3953}