{"stats":{"minecraft:mined":{"minecraft:white_bed":2,"minecraft:deepslate_diamond_ore":12,"minecraft:obsidian":5,"minecraft:grass_block":2,"minecraft:furnace":1,"minecraft:iron_ore":30,"minecraft:andesite":12,"minecraft:pumpkin":15,"minecraft:deepslate_lapis_ore":1,"minecraft:peony":1,"minecraft:deepslate_iron_ore":20,"minecraft:bamboo":9,"minecraft:stone":126,"minecraft:white_wool":6,"minecraft:deepslate_redstone_ore":30,"minecraft:dandelion":1,"minecraft:torch":12,"minecraft:short_grass":40,"minecraft:blast_furnace":1,"minecraft:melon":10,"minecraft:tall_grass":12,"minecraft:lapis_ore":2,"minecraft:deepslate_gold_ore":4,"minecraft:sugar_cane":11,"minecraft:diorite":8,"minecraft:wall_torch":2,"minecraft:birch_planks":3,"minecraft:yellow_wool":6,"minecraft:birch_log":27,"minecraft:birch_leaves":2,"minecraft:yellow_bed":2,"minecraft:oak_log":71,"minecraft:coal_ore":79,"minecraft:sand":9,"minecraft:dirt":5,"minecraft:oak_leaves":21,"minecraft:deepslate":41},"minecraft:picked_up":{"minecraft:wooden_axe":1,"minecraft:iron_chestplate":1,"minecraft:crafting_table":2,"travelersbackpack:hay":1,"minecraft:yellow_wool":12,"minecraft:wooden_pickaxe":3,"minecraft:golden_shovel":1,"minecraft:shield":3,"minecraft:string":14,"minecraft:flint_and_steel":1,"minecraft:iron_shovel":1,"minecraft:cobbled_deepslate":52,"minecraft:bucket":1,"minecraft:beef":50,"minecraft:poppy":1,"minecraft:iron_pickaxe":5,"minecraft:lectern":3,"minecraft:melon_slice":146,"minecraft:sugar_cane":45,"minecraft:birch_sapling":33,"minecraft:furnace":3,"minecraft:stick":34,"minecraft:raw_iron":62,"minecraft:torch":101,"minecraft:fire_charge":8,"minecraft:porkchop":51,"minecraft:diorite":6,"minecraft:redstone":197,"minecraft:stone_sword":4,"minecraft:arrow":20,"minecraft:rotten_flesh":48,"minecraft:peony":1,"minecraft:hay_block":120,"minecraft:glistering_melon_slice":22,"minecraft:obsidian":5,"minecraft:mutton":31,"minecraft:cobblestone":181,"minecraft:white_wool":29,"minecraft:birch_log":48,"minecraft:leather_chestplate":2,"minecraft:feather":9,"minecraft:cooked_beef":40,"minecraft:glow_ink_sac":4,"minecraft:andesite":12,"minecraft:brown_wool":1,"minecraft:leather":27,"minecraft:potato":6,"minecraft:birch_planks":10,"minecraft:oak_log":158,"minecraft:golden_boots":5,"minecraft:yellow_bed":2,"minecraft:paper":29,"minecraft:lapis_lazuli":25,"minecraft:dirt":11,"minecraft:bone":22,"minecraft:coast_armor_trim_smithing_template":4,"minecraft:apple":4,"minecraft:bow":5,"minecraft:wheat_seeds":4,"minecraft:raw_gold":8,"minecraft:iron_ingot":5,"minecraft:stone_pickaxe":3,"minecraft:bamboo":200,"minecraft:iron_sword":5,"minecraft:oak_planks":50,"minecraft:cooked_porkchop":45,"minecraft:pumpkin":30,"minecraft:dandelion":1,"minecraft:sand":9,"minecraft:blast_furnace":1,"minecraft:ink_sac":1,"minecraft:white_bed":3,"minecraft:spider_eye":6,"minecraft:diamond":14,"minecraft:stone_axe":2,"minecraft:granite":3,"minecraft:gray_wool":1,"minecraft:golden_apple":4,"minecraft:emerald":5,"minecraft:bread":11,"minecraft:baked_potato":13,"minecraft:coal":189,"minecraft:oak_sapling":9,"minecraft:black_wool":2,"minecraft:ender_pearl":1},"minecraft:custom":{"minecraft:interact_with_smithing_table":2,"minecraft:mob_kills":106,"minecraft:interact_with_crafting_table":35,"minecraft:bell_ring":1,"minecraft:leave_game":3,"minecraft:time_since_death":64721,"minecraft:climb_one_cm":201,"minecraft:sprint_one_cm":675885,"minecraft:walk_one_cm":553128,"minecraft:damage_blocked_by_shield":1994,"minecraft:drop":22,"minecraft:play_time":212243,"minecraft:deaths":8,"minecraft:sneak_time":2398,"minecraft:walk_under_water_one_cm":38836,"minecraft:boat_one_cm":845371,"minecraft:jump":2979,"minecraft:interact_with_blast_furnace":8,"minecraft:walk_on_water_one_cm":60400,"minecraft:total_world_time":212243,"minecraft:interact_with_furnace":27,"minecraft:sleep_in_bed":9,"minecraft:time_since_rest":8456,"minecraft:damage_taken":6770,"minecraft:damage_absorbed":40,"minecraft:damage_dealt":15765,"minecraft:swim_one_cm":44468,"minecraft:fly_one_cm":315415,"minecraft:open_chest":51,"minecraft:crouch_one_cm":5119,"minecraft:interact_with_smoker":22,"minecraft:fall_one_cm":74660},"minecraft:killed_by":{"minecraft:creeper":1,"minecraft:enderman":1,"minecraft:drowned":3,"minecraft:skeleton":3},"minecraft:killed":{"minecraft:witch":1,"minecraft:spider":8,"minecraft:skeleton":15,"minecraft:drowned":3,"minecraft:pig":21,"minecraft:iron_golem":1,"minecraft:creeper":1,"minecraft:squid":1,"minecraft:sheep":17,"minecraft:zombie":19,"minecraft:cow":14,"minecraft:enderman":1},"minecraft:crafted":{"travelersbackpack:hay":1,"minecraft:smooth_stone":4,"minecraft:oak_planks":84,"minecraft:furnace":5,"minecraft:blast_furnace":1,"minecraft:stone":4,"minecraft:bone_meal":3,"minecraft:cooked_mutton":4,"minecraft:glass":6,"minecraft:bow":1,"minecraft:iron_boots":1,"minecraft:chest":1,"minecraft:smoker":1,"minecraft:wheat":360,"travelersbackpack:iron_tier_upgrade":1,"minecraft:cooked_porkchop":28,"minecraft:crafting_table":3,"travelersbackpack:standard":1,"minecraft:wooden_pickaxe":1,"minecraft:baked_potato":6,"minecraft:iron_sword":1,"minecraft:birch_planks":24,"minecraft:hay_block":33,"minecraft:bread":21,"minecraft:air":0,"minecraft:oak_boat":2,"minecraft:iron_chestplate":1,"minecraft:diamond_pickaxe":1,"minecraft:shield":1,"minecraft:stick":32,"minecraft:iron_ingot":54,"minecraft:iron_pickaxe":1,"minecraft:wooden_axe":1,"minecraft:iron_shovel":1,"minecraft:iron_leggings":1,"minecraft:white_bed":2,"minecraft:torch":88,"minecraft:shears":1,"minecraft:diamond_chestplate":1},"minecraft:used":{"minecraft:stone_sword":67,"minecraft:chest":1,"minecraft:shield":38,"minecraft:iron_sword":265,"minecraft:iron_chestplate":1,"minecraft:torch":104,"minecraft:dirt":7,"travelersbackpack:hay":1,"minecraft:wooden_axe":34,"minecraft:bow":14,"minecraft:furnace":5,"minecraft:cobbled_deepslate":31,"minecraft:cooked_mutton":4,"minecraft:birch_planks":3,"minecraft:stone_pickaxe":96,"minecraft:baked_potato":6,"minecraft:wooden_pickaxe":1,"minecraft:golden_apple":1,"minecraft:crafting_table":4,"minecraft:blast_furnace":1,"minecraft:white_bed":4,"minecraft:smoker":1,"minecraft:diamond_pickaxe":5,"minecraft:apple":1,"minecraft:bread":29,"minecraft:melon_slice":11,"minecraft:iron_pickaxe":277,"minecraft:stone_axe":123,"minecraft:cobblestone":53,"travelersbackpack:standard":2,"minecraft:cooked_porkchop":33,"minecraft:bucket":8,"minecraft:andesite":1,"minecraft:yellow_bed":2,"minecraft:oak_boat":2,"minecraft:bone_meal":1},"minecraft:dropped":{"minecraft:wheat_seeds":3,"minecraft:oak_log":2,"minecraft:cobblestone":7,"minecraft:apple":3,"minecraft:ink_sac":1,"minecraft:melon_slice":31,"minecraft:coast_armor_trim_smithing_template":2,"minecraft:iron_pickaxe":1,"minecraft:string":3,"minecraft:furnace":1,"minecraft:birch_sapling":5,"minecraft:rotten_flesh":2,"minecraft:spider_eye":1,"minecraft:wooden_pickaxe":4,"minecraft:stone_pickaxe":2,"minecraft:black_wool":2},"minecraft:broken":{"minecraft:leather_chestplate":1,"minecraft:iron_sword":1}},"DataVersion":3953}