{"stats":{"minecraft:killed_by":{"minecraft:skeleton":1,"minecraft:drowned":3},"minecraft:crafted":{"minecraft:oak_planks":40,"minecraft:cooked_porkchop":11,"minecraft:crafting_table":2,"minecraft:wooden_pickaxe":1,"minecraft:iron_sword":1,"minecraft:furnace":2,"minecraft:bone_meal":3,"minecraft:birch_planks":24,"minecraft:cooked_mutton":4,"minecraft:air":0,"minecraft:oak_boat":1,"minecraft:stick":8,"minecraft:iron_ingot":2,"minecraft:iron_pickaxe":1,"minecraft:wooden_axe":1,"minecraft:white_bed":1,"minecraft:torch":8,"minecraft:smoker":1},"minecraft:picked_up":{"minecraft:wooden_axe":1,"minecraft:birch_log":48,"minecraft:leather_chestplate":1,"minecraft:feather":1,"minecraft:yellow_wool":12,"minecraft:leather":11,"minecraft:wooden_pickaxe":3,"minecraft:potato":4,"minecraft:birch_planks":10,"minecraft:oak_log":84,"minecraft:golden_boots":1,"minecraft:yellow_bed":2,"minecraft:paper":6,"minecraft:dirt":10,"minecraft:string":3,"minecraft:flint_and_steel":1,"minecraft:bone":17,"minecraft:apple":4,"minecraft:wheat_seeds":3,"minecraft:iron_ingot":3,"minecraft:beef":22,"minecraft:stone_pickaxe":2,"minecraft:oak_planks":31,"minecraft:iron_sword":1,"minecraft:poppy":1,"minecraft:iron_pickaxe":2,"minecraft:bamboo":112,"minecraft:melon_slice":84,"minecraft:sugar_cane":38,"minecraft:birch_sapling":15,"minecraft:furnace":1,"minecraft:stick":2,"minecraft:raw_iron":2,"minecraft:cooked_porkchop":12,"minecraft:pumpkin":30,"minecraft:torch":14,"minecraft:dandelion":1,"minecraft:fire_charge":2,"minecraft:porkchop":38,"minecraft:ink_sac":1,"minecraft:white_bed":1,"minecraft:spider_eye":3,"minecraft:stone_sword":2,"minecraft:arrow":6,"minecraft:rotten_flesh":12,"minecraft:stone_axe":2,"minecraft:golden_apple":1,"minecraft:glistering_melon_slice":11,"minecraft:emerald":1,"minecraft:bread":1,"minecraft:oak_sapling":3,"minecraft:black_wool":2,"minecraft:mutton":10,"minecraft:coal":109,"minecraft:white_wool":21,"minecraft:cobblestone":38},"minecraft:mined":{"minecraft:white_bed":1,"minecraft:dandelion":1,"minecraft:torch":9,"minecraft:short_grass":25,"minecraft:grass_block":1,"minecraft:melon":10,"minecraft:tall_grass":9,"minecraft:sugar_cane":8,"minecraft:wall_torch":1,"minecraft:birch_planks":3,"minecraft:furnace":1,"minecraft:yellow_wool":6,"minecraft:birch_log":27,"minecraft:iron_ore":2,"minecraft:birch_leaves":2,"minecraft:pumpkin":15,"minecraft:yellow_bed":2,"minecraft:oak_log":51,"minecraft:coal_ore":69,"minecraft:sand":2,"minecraft:dirt":5,"minecraft:bamboo":9,"minecraft:stone":24,"minecraft:white_wool":6,"minecraft:oak_leaves":14},"minecraft:killed":{"minecraft:pig":16,"minecraft:spider":6,"minecraft:iron_golem":1,"minecraft:squid":1,"minecraft:skeleton":5,"minecraft:sheep":7,"minecraft:zombie":6,"minecraft:drowned":3,"minecraft:cow":10},"minecraft:dropped":{"minecraft:furnace":1,"minecraft:wheat_seeds":3,"minecraft:birch_sapling":5,"minecraft:rotten_flesh":2,"minecraft:cobblestone":7,"minecraft:ink_sac":1,"minecraft:spider_eye":1,"minecraft:wooden_pickaxe":4,"minecraft:stone_pickaxe":2,"minecraft:iron_pickaxe":1,"minecraft:string":3,"minecraft:black_wool":2},"minecraft:custom":{"minecraft:interact_with_furnace":4,"minecraft:mob_kills":55,"minecraft:interact_with_crafting_table":13,"minecraft:bell_ring":1,"minecraft:leave_game":1,"minecraft:time_since_death":7337,"minecraft:sleep_in_bed":6,"minecraft:climb_one_cm":117,"minecraft:time_since_rest":6563,"minecraft:sprint_one_cm":364763,"minecraft:damage_taken":2485,"minecraft:walk_one_cm":202383,"minecraft:drop":17,"minecraft:damage_dealt":7852,"minecraft:swim_one_cm":42763,"minecraft:fly_one_cm":156166,"minecraft:open_chest":13,"minecraft:deaths":4,"minecraft:crouch_one_cm":896,"minecraft:play_time":97836,"minecraft:sneak_time":636,"minecraft:walk_under_water_one_cm":22466,"minecraft:boat_one_cm":650368,"minecraft:jump":1053,"minecraft:walk_on_water_one_cm":19366,"minecraft:total_world_time":97836,"minecraft:interact_with_smoker":10,"minecraft:fall_one_cm":29477},"minecraft:used":{"minecraft:cooked_mutton":4,"minecraft:stone_sword":67,"minecraft:birch_planks":3,"minecraft:stone_pickaxe":96,"minecraft:wooden_pickaxe":1,"minecraft:iron_sword":91,"minecraft:torch":12,"minecraft:dirt":4,"minecraft:crafting_table":2,"minecraft:white_bed":2,"minecraft:smoker":1,"minecraft:wooden_axe":34,"minecraft:apple":1,"minecraft:melon_slice":10,"minecraft:bread":8,"minecraft:iron_pickaxe":3,"minecraft:stone_axe":123,"minecraft:furnace":1,"minecraft:cooked_porkchop":11,"minecraft:yellow_bed":2,"minecraft:oak_boat":1,"minecraft:bone_meal":1}},"DataVersion":3953}