{"stats":{"minecraft:killed_by":{"minecraft:skeleton":2,"minecraft:drowned":3},"minecraft:crafted":{"minecraft:oak_planks":44,"minecraft:cooked_porkchop":28,"minecraft:crafting_table":3,"minecraft:baked_potato":4,"minecraft:wooden_pickaxe":1,"minecraft:iron_sword":1,"minecraft:furnace":4,"minecraft:bone_meal":3,"minecraft:birch_planks":24,"minecraft:cooked_mutton":4,"minecraft:air":0,"minecraft:oak_boat":2,"minecraft:bow":1,"minecraft:shield":1,"minecraft:stick":28,"minecraft:iron_ingot":2,"minecraft:iron_pickaxe":1,"minecraft:wooden_axe":1,"minecraft:chest":1,"minecraft:white_bed":2,"minecraft:torch":56,"minecraft:smoker":1},"minecraft:picked_up":{"minecraft:wooden_axe":1,"minecraft:birch_log":48,"minecraft:crafting_table":1,"minecraft:leather_chestplate":2,"minecraft:feather":9,"minecraft:cooked_beef":40,"minecraft:yellow_wool":12,"minecraft:leather":11,"minecraft:wooden_pickaxe":3,"minecraft:potato":4,"minecraft:birch_planks":10,"minecraft:golden_shovel":1,"minecraft:oak_log":119,"minecraft:golden_boots":2,"minecraft:yellow_bed":2,"minecraft:paper":23,"minecraft:dirt":11,"minecraft:string":5,"minecraft:flint_and_steel":1,"minecraft:bone":17,"minecraft:apple":4,"minecraft:wheat_seeds":3,"minecraft:iron_ingot":5,"minecraft:beef":41,"minecraft:stone_pickaxe":3,"minecraft:oak_planks":44,"minecraft:iron_sword":2,"minecraft:poppy":1,"minecraft:iron_pickaxe":3,"minecraft:bamboo":200,"minecraft:melon_slice":146,"minecraft:sugar_cane":38,"minecraft:birch_sapling":21,"minecraft:furnace":3,"minecraft:stick":12,"minecraft:raw_iron":19,"minecraft:cooked_porkchop":12,"minecraft:pumpkin":30,"minecraft:torch":16,"minecraft:dandelion":1,"minecraft:fire_charge":4,"minecraft:sand":9,"minecraft:porkchop":38,"minecraft:ink_sac":1,"minecraft:white_bed":3,"minecraft:spider_eye":4,"minecraft:stone_sword":3,"minecraft:arrow":7,"minecraft:rotten_flesh":16,"minecraft:stone_axe":2,"minecraft:hay_block":40,"minecraft:golden_apple":2,"minecraft:glistering_melon_slice":22,"minecraft:emerald":2,"minecraft:bread":1,"minecraft:baked_potato":4,"minecraft:oak_sapling":9,"minecraft:black_wool":2,"minecraft:mutton":21,"minecraft:coal":150,"minecraft:white_wool":23,"minecraft:cobblestone":82},"minecraft:mined":{"minecraft:white_bed":2,"minecraft:dandelion":1,"minecraft:torch":9,"minecraft:short_grass":25,"minecraft:grass_block":2,"minecraft:melon":10,"minecraft:tall_grass":9,"minecraft:sugar_cane":8,"minecraft:wall_torch":1,"minecraft:birch_planks":3,"minecraft:furnace":1,"minecraft:yellow_wool":6,"minecraft:birch_log":27,"minecraft:iron_ore":13,"minecraft:birch_leaves":2,"minecraft:pumpkin":15,"minecraft:yellow_bed":2,"minecraft:deepslate_iron_ore":3,"minecraft:oak_log":51,"minecraft:coal_ore":69,"minecraft:sand":9,"minecraft:dirt":5,"minecraft:bamboo":9,"minecraft:stone":60,"minecraft:white_wool":6,"minecraft:oak_leaves":14},"minecraft:broken":{"minecraft:leather_chestplate":1},"minecraft:killed":{"minecraft:pig":16,"minecraft:spider":6,"minecraft:iron_golem":1,"minecraft:squid":1,"minecraft:skeleton":6,"minecraft:sheep":9,"minecraft:zombie":9,"minecraft:drowned":3,"minecraft:cow":10},"minecraft:dropped":{"minecraft:furnace":1,"minecraft:wheat_seeds":3,"minecraft:birch_sapling":5,"minecraft:rotten_flesh":2,"minecraft:cobblestone":7,"minecraft:apple":3,"minecraft:ink_sac":1,"minecraft:melon_slice":31,"minecraft:spider_eye":1,"minecraft:wooden_pickaxe":4,"minecraft:stone_pickaxe":2,"minecraft:iron_pickaxe":1,"minecraft:string":3,"minecraft:black_wool":2},"minecraft:custom":{"minecraft:interact_with_furnace":6,"minecraft:mob_kills":63,"minecraft:interact_with_crafting_table":20,"minecraft:bell_ring":1,"minecraft:leave_game":1,"minecraft:time_since_death":13044,"minecraft:sleep_in_bed":8,"minecraft:climb_one_cm":201,"minecraft:time_since_rest":9924,"minecraft:sprint_one_cm":481270,"minecraft:damage_taken":3821,"minecraft:walk_one_cm":280835,"minecraft:drop":19,"minecraft:damage_dealt":9190,"minecraft:swim_one_cm":44426,"minecraft:fly_one_cm":208278,"minecraft:open_chest":27,"minecraft:deaths":5,"minecraft:crouch_one_cm":976,"minecraft:play_time":127836,"minecraft:sneak_time":701,"minecraft:walk_under_water_one_cm":25154,"minecraft:boat_one_cm":845371,"minecraft:jump":1532,"minecraft:walk_on_water_one_cm":23836,"minecraft:total_world_time":127836,"minecraft:interact_with_smoker":16,"minecraft:fall_one_cm":38163},"minecraft:used":{"minecraft:cooked_mutton":4,"minecraft:stone_sword":67,"minecraft:birch_planks":3,"minecraft:stone_pickaxe":96,"minecraft:chest":1,"minecraft:wooden_pickaxe":1,"minecraft:iron_sword":119,"minecraft:torch":29,"minecraft:dirt":7,"minecraft:crafting_table":4,"minecraft:white_bed":4,"minecraft:smoker":1,"minecraft:wooden_axe":34,"minecraft:apple":1,"minecraft:melon_slice":11,"minecraft:bread":8,"minecraft:iron_pickaxe":53,"minecraft:stone_axe":123,"minecraft:cobblestone":3,"minecraft:bow":4,"minecraft:furnace":5,"minecraft:cooked_porkchop":23,"minecraft:yellow_bed":2,"minecraft:oak_boat":2,"minecraft:bone_meal":1}},"DataVersion":3953}