{"stats":{"minecraft:killed_by":{"minecraft:zombified_piglin":1,"minecraft:creeper":3,"minecraft:drowned":3,"minecraft:blaze":1,"minecraft:zombie":1,"minecraft:enderman":2,"minecraft:iron_golem":1,"minecraft:skeleton":5},"minecraft:mined":{"minecraft:dark_oak_planks":28,"minecraft:white_bed":5,"minecraft:sculk_vein":6,"minecraft:obsidian":9,"minecraft:granite":2,"minecraft:grass_block":1889,"minecraft:cracked_polished_blackstone_bricks":12,"minecraft:soul_soil":12,"minecraft:polished_diorite":32,"minecraft:chiseled_tuff_bricks":1,"minecraft:oxeye_daisy":1,"minecraft:gilded_blackstone":2,"minecraft:weeping_vines_plant":3,"minecraft:smooth_stone":1,"minecraft:polished_blackstone_bricks":89,"minecraft:tall_seagrass":1,"minecraft:magma_block":10,"minecraft:sculk_catalyst":1,"minecraft:glowstone":25,"minecraft:iron_ore":140,"minecraft:fire":8,"minecraft:cobbled_deepslate":17,"minecraft:pumpkin":15,"minecraft:deepslate_lapis_ore":11,"minecraft:enchanting_table":5,"minecraft:azure_bluet":1,"minecraft:dark_oak_stairs":3,"minecraft:sculk_shrieker":4,"minecraft:pointed_dripstone":8,"minecraft:dirt_path":4,"minecraft:deepslate_redstone_ore":99,"minecraft:quartz_block":612,"minecraft:cyan_terracotta":73,"travelersbackpack:melon":8,"minecraft:polished_blackstone_wall":37,"minecraft:blackstone":225,"minecraft:kelp_plant":2,"minecraft:smoker":3,"minecraft:soul_fire":14,"minecraft:amethyst_cluster":2,"minecraft:clay":242,"minecraft:torch":89,"minecraft:blast_furnace":1,"minecraft:melon":26,"minecraft:calcite":16,"minecraft:poppy":1,"minecraft:chest":3,"minecraft:glass":177,"minecraft:nether_quartz_ore":472,"minecraft:cobblestone":238,"minecraft:sugar_cane":12,"minecraft:wall_torch":103,"minecraft:seagrass":1,"minecraft:polished_diorite_stairs":1,"minecraft:warped_nylium":17,"minecraft:black_concrete_powder":15,"minecraft:dark_oak_slab":4,"minecraft:dark_oak_door":2,"minecraft:yellow_wool":6,"minecraft:birch_log":93,"minecraft:wheat":124,"minecraft:waxed_copper_block":2,"minecraft:warped_fungus":10,"minecraft:wither_rose":1,"minecraft:oak_log":239,"minecraft:dark_oak_sapling":4,"minecraft:sand":708,"minecraft:dirt":2435,"minecraft:crimson_planks":1,"minecraft:smooth_basalt":5,"minecraft:netherrack":1483,"minecraft:oak_leaves":317,"minecraft:deepslate":830,"minecraft:yellow_terracotta":2,"minecraft:nether_gold_ore":33,"minecraft:crying_obsidian":2,"minecraft:tuff":108,"minecraft:quartz_stairs":1,"minecraft:mossy_cobblestone":60,"minecraft:dark_oak_leaves":10,"minecraft:deepslate_diamond_ore":51,"minecraft:oak_door":1,"minecraft:dark_oak_log":235,"minecraft:glow_lichen":2,"minecraft:nether_bricks":3,"minecraft:decorated_pot":11,"minecraft:crimson_roots":2,"minecraft:kelp":1,"minecraft:sandstone":1,"minecraft:crimson_stem":30,"minecraft:hay_block":1,"minecraft:redstone_ore":4,"minecraft:waxed_oxidized_cut_copper":3,"minecraft:furnace":1,"minecraft:carrots":100,"minecraft:nether_sprouts":3,"minecraft:andesite":19,"minecraft:black_concrete":923,"minecraft:peony":1,"minecraft:gold_block":1,"minecraft:bookshelf":46,"minecraft:potatoes":42,"minecraft:deepslate_iron_ore":105,"minecraft:warped_stem":12,"minecraft:bamboo":14,"minecraft:stone":1815,"minecraft:bone_block":22,"minecraft:white_wool":6,"minecraft:smithing_table":1,"minecraft:glass_pane":15,"minecraft:soul_sand":15,"minecraft:basalt":75,"minecraft:polished_blackstone_brick_wall":35,"minecraft:dandelion":5,"minecraft:crafting_table":2,"minecraft:cornflower":1,"minecraft:short_grass":166,"minecraft:warped_roots":3,"minecraft:sculk_sensor":6,"minecraft:copper_ore":4,"minecraft:tall_grass":33,"minecraft:lapis_ore":15,"minecraft:deepslate_gold_ore":50,"minecraft:polished_blackstone_brick_stairs":1,"minecraft:sculk":51,"minecraft:diorite":423,"minecraft:birch_planks":3,"minecraft:gray_wool":32,"minecraft:cactus":30,"minecraft:polished_blackstone_slab":3,"minecraft:polished_blackstone_stairs":13,"minecraft:birch_leaves":58,"minecraft:quartz_pillar":7,"minecraft:yellow_bed":2,"minecraft:coal_ore":313,"minecraft:flower_pot":1,"minecraft:gravel":443,"minecraft:dripstone_block":1,"minecraft:polished_blackstone":333,"minecraft:gold_ore":17},"minecraft:picked_up":{"minecraft:wooden_axe":1,"minecraft:seagrass":2,"minecraft:iron_chestplate":3,"minecraft:wheat":124,"minecraft:chainmail_boots":1,"minecraft:flower_pot":1,"minecraft:yellow_wool":12,"minecraft:smithing_table":2,"minecraft:diamond_sword":5,"minecraft:enchanted_book":2,"minecraft:acacia_pressure_plate":1,"minecraft:wither_rose":3,"minecraft:potion":5,"minecraft:golden_shovel":1,"minecraft:crimson_planks":1,"minecraft:golden_sword":2,"minecraft:polished_blackstone_brick_stairs":1,"minecraft:string":25,"minecraft:soul_soil":15,"minecraft:raw_copper":19,"minecraft:iron_leggings":4,"minecraft:diamond_leggings":2,"minecraft:smooth_stone":2,"minecraft:gold_nugget":183,"minecraft:cobbled_deepslate":937,"minecraft:bucket":4,"minecraft:trial_key":8,"minecraft:dark_oak_door":2,"minecraft:calcite":15,"minecraft:iron_pickaxe":6,"minecraft:enchanted_golden_apple":1,"minecraft:melon_slice":330,"minecraft:iron_boots":6,"minecraft:furnace":3,"minecraft:golden_helmet":4,"minecraft:tipped_arrow":2,"minecraft:stick":98,"minecraft:polished_blackstone_stairs":13,"minecraft:acacia_fence":1,"minecraft:torch":400,"minecraft:acacia_log":1,"minecraft:porkchop":112,"minecraft:pointed_dripstone":22,"minecraft:diorite":389,"minecraft:golden_chestplate":1,"travelersbackpack:iron":1,"minecraft:quartz_block":704,"minecraft:stone_sword":4,"minecraft:cactus":47,"minecraft:honey_bottle":3,"minecraft:rotten_flesh":250,"minecraft:tropical_fish":1,"minecraft:armadillo_scute":2,"minecraft:cyan_terracotta":71,"minecraft:bookshelf":41,"minecraft:blaze_rod":9,"minecraft:obsidian":15,"minecraft:cobblestone":2240,"minecraft:enchanting_table":6,"minecraft:birch_log":124,"minecraft:magma_block":5,"minecraft:leather_chestplate":2,"minecraft:feather":34,"minecraft:cooked_beef":57,"minecraft:magma_cream":1,"minecraft:water_bucket":4,"minecraft:andesite":20,"minecraft:brown_wool":2,"minecraft:golden_leggings":2,"minecraft:potato":162,"minecraft:smoker":3,"minecraft:flint":35,"minecraft:tuff":101,"minecraft:lapis_lazuli":188,"minecraft:dirt":3992,"minecraft:twisting_vines":1,"minecraft:leather_boots":3,"minecraft:glass":180,"minecraft:bone":203,"minecraft:acacia_planks":6,"minecraft:bow":33,"minecraft:wheat_seeds":414,"minecraft:raw_gold":101,"minecraft:diamond_helmet":2,"minecraft:bamboo":258,"minecraft:glowstone_dust":65,"minecraft:oak_planks":58,"minecraft:cooked_porkchop":49,"minecraft:poisonous_potato":1,"minecraft:polished_blackstone_slab":3,"minecraft:sand":589,"minecraft:ink_sac":103,"minecraft:grass_block":4,"minecraft:dark_oak_log":276,"minecraft:mossy_cobblestone":60,"minecraft:black_concrete_powder":15,"minecraft:diamond":69,"minecraft:black_concrete":915,"minecraft:cracked_polished_blackstone_bricks":12,"minecraft:breeze_rod":2,"minecraft:crossbow":1,"minecraft:granite":7,"minecraft:golden_apple":10,"minecraft:golden_horse_armor":1,"minecraft:emerald":40,"minecraft:bread":30,"minecraft:oak_sapling":51,"minecraft:netherrack":1466,"minecraft:crimson_roots":2,"minecraft:diamond_pickaxe":12,"minecraft:waxed_oxidized_cut_copper":1,"minecraft:crafting_table":4,"travelersbackpack:hay":1,"minecraft:chicken":36,"minecraft:clay_ball":852,"minecraft:leather_leggings":3,"minecraft:wooden_pickaxe":3,"minecraft:gold_block":1,"travelersbackpack:sandstone":1,"minecraft:shield":10,"minecraft:brick":58,"minecraft:wind_charge":5,"minecraft:cornflower":1,"minecraft:flint_and_steel":3,"minecraft:compass":1,"minecraft:iron_shovel":3,"minecraft:polished_blackstone_wall":35,"minecraft:blackstone":206,"minecraft:glass_pane":15,"minecraft:beef":86,"minecraft:quartz_stairs":1,"minecraft:poppy":6,"minecraft:sugar_cane":56,"minecraft:light_gray_wool":1,"minecraft:guster_pottery_sherd":1,"minecraft:lectern":4,"minecraft:phantom_membrane":15,"minecraft:chest":3,"minecraft:birch_sapling":65,"minecraft:diamond_hoe":1,"minecraft:egg":10,"minecraft:dark_oak_sapling":33,"minecraft:raw_iron":262,"minecraft:sandstone":1,"minecraft:stone":81,"minecraft:oak_door":2,"minecraft:copper_ingot":2,"minecraft:fire_charge":8,"minecraft:polished_blackstone_bricks":84,"minecraft:flow_pottery_sherd":1,"minecraft:quartz_pillar":7,"minecraft:carrot":391,"minecraft:redstone":605,"minecraft:music_disc_creator_music_box":1,"minecraft:dark_oak_planks":27,"minecraft:weeping_vines":2,"minecraft:arrow":220,"minecraft:diamond_chestplate":3,"minecraft:stone_shovel":1,"minecraft:peony":2,"minecraft:nether_bricks":9,"minecraft:shears":8,"minecraft:diamond_boots":2,"minecraft:hay_block":122,"minecraft:yellow_terracotta":2,"minecraft:saddle":1,"minecraft:glistering_melon_slice":22,"minecraft:polished_blackstone":464,"minecraft:tuff_bricks":1,"minecraft:mutton":78,"minecraft:oxeye_daisy":1,"minecraft:white_wool":73,"minecraft:bone_block":23,"minecraft:basalt":65,"minecraft:crimson_stem":29,"minecraft:golden_carrot":5,"travelersbackpack:melon":15,"minecraft:glow_ink_sac":15,"minecraft:salmon":2,"minecraft:leather":48,"minecraft:cut_sandstone":1,"minecraft:birch_planks":10,"minecraft:oak_log":319,"minecraft:waxed_copper_block":2,"minecraft:golden_boots":5,"minecraft:yellow_bed":2,"minecraft:gunpowder":33,"minecraft:paper":29,"minecraft:cooked_mutton":3,"minecraft:coast_armor_trim_smithing_template":4,"minecraft:apple":14,"minecraft:kelp":17,"minecraft:warped_stem":12,"minecraft:iron_ingot":14,"minecraft:stone_pickaxe":3,"minecraft:glass_bottle":2,"minecraft:iron_sword":7,"minecraft:soul_sand":56,"minecraft:dark_oak_stairs":5,"minecraft:book":86,"minecraft:smooth_basalt":4,"minecraft:warped_fungus":9,"minecraft:dark_oak_slab":6,"minecraft:pumpkin":30,"minecraft:quartz":920,"minecraft:dandelion":6,"minecraft:gravel":390,"minecraft:amethyst_shard":8,"minecraft:blast_furnace":1,"minecraft:white_bed":6,"minecraft:crying_obsidian":2,"minecraft:spider_eye":13,"minecraft:polished_diorite_stairs":1,"minecraft:diamond_shovel":4,"minecraft:polished_diorite":32,"minecraft:stone_axe":3,"minecraft:chainmail_leggings":1,"minecraft:iron_helmet":2,"minecraft:gray_wool":34,"minecraft:polished_blackstone_brick_wall":34,"minecraft:warped_roots":6,"minecraft:baked_potato":63,"minecraft:black_wool":3,"minecraft:warped_nylium":1,"minecraft:coal":594,"minecraft:chiseled_tuff_bricks":1,"minecraft:ender_pearl":9},"minecraft:broken":{"minecraft:iron_shovel":2,"minecraft:iron_boots":1,"minecraft:iron_sword":2,"minecraft:leather_chestplate":1,"minecraft:shield":1,"minecraft:iron_pickaxe":2},"minecraft:custom":{"minecraft:interact_with_crafting_table":177,"minecraft:open_barrel":7,"minecraft:bell_ring":1,"minecraft:leave_game":21,"minecraft:time_since_death":817382,"minecraft:damage_blocked_by_shield":7949,"minecraft:sprint_one_cm":4318772,"minecraft:drop":90,"minecraft:talked_to_villager":262,"minecraft:play_time":1857570,"minecraft:deaths":20,"minecraft:jump":16919,"minecraft:interact_with_brewingstand":24,"minecraft:walk_on_water_one_cm":249865,"minecraft:interact_with_furnace":126,"minecraft:traded_with_villager":696,"minecraft:sleep_in_bed":32,"minecraft:damage_dealt":82588,"minecraft:interact_with_beacon":1,"minecraft:crouch_one_cm":508426,"minecraft:interact_with_smoker":75,"minecraft:use_cauldron":5,"minecraft:inspect_dispenser":2,"minecraft:horse_one_cm":11984,"minecraft:interact_with_smithing_table":9,"minecraft:interact_with_anvil":39,"minecraft:mob_kills":994,"minecraft:climb_one_cm":7906,"minecraft:walk_one_cm":5399722,"minecraft:sneak_time":117310,"minecraft:walk_under_water_one_cm":184741,"minecraft:boat_one_cm":902014,"minecraft:interact_with_blast_furnace":71,"minecraft:total_world_time":1857570,"minecraft:interact_with_stonecutter":7,"minecraft:interact_with_grindstone":3,"minecraft:time_since_rest":22115,"minecraft:damage_taken":24517,"minecraft:damage_absorbed":127,"minecraft:swim_one_cm":196806,"minecraft:fly_one_cm":1722903,"minecraft:open_chest":970,"minecraft:fall_one_cm":515727},"minecraft:killed":{"minecraft:zombified_piglin":12,"minecraft:witch":2,"minecraft:spider":23,"minecraft:wither":1,"minecraft:skeleton":490,"minecraft:chicken":28,"minecraft:silverfish":16,"minecraft:turtle":1,"minecraft:piglin_brute":3,"minecraft:magma_cube":39,"minecraft:piglin":8,"minecraft:pig":35,"minecraft:salmon":2,"minecraft:iron_golem":1,"minecraft:creeper":26,"minecraft:sheep":39,"minecraft:donkey":1,"minecraft:zombie":134,"minecraft:ghast":3,"minecraft:blaze":3,"minecraft:cow":29,"minecraft:armadillo":1,"minecraft:slime":4,"minecraft:phantom":36,"minecraft:drowned":4,"minecraft:hoglin":1,"minecraft:squid":30,"minecraft:breeze":1,"minecraft:wither_skeleton":2,"minecraft:enderman":9},"minecraft:crafted":{"minecraft:black_dye":104,"minecraft:grindstone":1,"minecraft:smooth_stone":7,"minecraft:oak_planks":2608,"minecraft:cobblestone_slab":6,"travelersbackpack:crafting_upgrade":1,"minecraft:blaze_powder":4,"minecraft:cooked_chicken":35,"travelersbackpack:hose_nozzle":2,"minecraft:polished_blackstone_slab":6,"minecraft:stone":50,"minecraft:diamond_shovel":3,"minecraft:dark_oak_door":6,"minecraft:cooked_mutton":63,"minecraft:quartz_pillar":78,"minecraft:green_dye":26,"minecraft:warped_planks":48,"minecraft:bamboo_block":3,"minecraft:quartz_block":400,"minecraft:glass":74,"minecraft:hopper":1,"minecraft:diamond_helmet":3,"minecraft:diamond_leggings":3,"minecraft:bow":3,"minecraft:iron_boots":3,"minecraft:cyan_terracotta":192,"minecraft:chest":15,"minecraft:oak_fence":3,"minecraft:quartz_stairs":16,"minecraft:smoker":2,"minecraft:glass_bottle":6,"travelersbackpack:iron_tier_upgrade":1,"minecraft:arrow":112,"minecraft:emerald":512,"minecraft:cooked_porkchop":55,"minecraft:diamond_axe":1,"minecraft:crafting_table":8,"travelersbackpack:lapis":1,"minecraft:iron_helmet":2,"minecraft:baked_potato":156,"minecraft:wooden_pickaxe":1,"travelersbackpack:standard":3,"minecraft:copper_ingot":2,"minecraft:gold_block":35,"minecraft:hay_block":33,"minecraft:brewing_stand":1,"minecraft:birch_planks":5476,"minecraft:bamboo_planks":6,"minecraft:iron_chestplate":3,"minecraft:dark_oak_slab":60,"minecraft:book":3,"minecraft:diamond_pickaxe":4,"minecraft:emerald_block":3,"minecraft:shield":5,"minecraft:stick":15832,"minecraft:stone_slab":6,"minecraft:iron_ingot":554,"minecraft:iron_pickaxe":3,"minecraft:iron_block":71,"minecraft:gold_ingot":170,"minecraft:polished_diorite_stairs":16,"minecraft:polished_blackstone_bricks":44,"minecraft:shears":2,"travelersbackpack:melon":2,"travelersbackpack:hay":1,"minecraft:oak_door":3,"minecraft:redstone":9,"minecraft:furnace":14,"minecraft:blast_furnace":2,"minecraft:bone_meal":540,"travelersbackpack:blank_upgrade":4,"travelersbackpack:gold_tier_upgrade":2,"minecraft:glass_pane":16,"minecraft:diamond_block":12,"minecraft:terracotta":21,"minecraft:diamond":54,"minecraft:polished_diorite":348,"minecraft:black_concrete_powder":752,"minecraft:iron_axe":1,"minecraft:ladder":6,"minecraft:iron_hoe":1,"minecraft:diamond_boots":3,"minecraft:redstone_block":110,"minecraft:dark_oak_planks":940,"minecraft:lead":2,"minecraft:golden_helmet":1,"minecraft:birch_sign":3,"travelersbackpack:diamond_tier_upgrade":1,"minecraft:wheat":360,"travelersbackpack:hose":2,"minecraft:cooked_beef":17,"minecraft:crimson_planks":56,"minecraft:diamond_sword":4,"minecraft:cyan_dye":36,"minecraft:dark_oak_stairs":68,"minecraft:polished_blackstone_wall":54,"travelersbackpack:backpack_tank":2,"minecraft:iron_sword":4,"minecraft:blue_bed":1,"minecraft:cooked_salmon":1,"minecraft:polished_blackstone_stairs":12,"minecraft:bucket":2,"minecraft:stone_axe":1,"minecraft:enchanted_book":33,"minecraft:air":0,"minecraft:bread":71,"minecraft:blue_dye":22,"minecraft:polished_blackstone_brick_wall":84,"minecraft:oak_boat":3,"minecraft:golden_apple":6,"minecraft:gold_nugget":2,"minecraft:wooden_axe":1,"minecraft:iron_shovel":3,"minecraft:iron_leggings":3,"minecraft:stonecutter":1,"minecraft:anvil":2,"minecraft:white_bed":4,"minecraft:acacia_planks":4,"minecraft:torch":380,"minecraft:lapis_lazuli":9,"minecraft:lapis_block":54,"minecraft:clay":213,"minecraft:diamond_chestplate":4},"minecraft:used":{"minecraft:iron_shovel":578,"travelersbackpack:lapis":3,"minecraft:polished_blackstone":753,"minecraft:ladder":6,"minecraft:diamond_hoe":84,"minecraft:shield":159,"minecraft:chest":16,"minecraft:iron_sword":910,"minecraft:stone":21,"minecraft:nether_wart":8,"minecraft:quartz_stairs":17,"minecraft:iron_chestplate":3,"minecraft:soul_sand":13,"travelersbackpack:hay":1,"minecraft:carrot":210,"minecraft:obsidian":12,"minecraft:glass":1811,"minecraft:tuff":97,"minecraft:polished_blackstone_slab":3,"minecraft:cyan_terracotta":257,"minecraft:quartz_pillar":88,"minecraft:polished_blackstone_brick_wall":152,"minecraft:quartz_block":1463,"minecraft:iron_helmet":2,"minecraft:dark_oak_slab":49,"minecraft:bow":624,"minecraft:furnace":12,"minecraft:polished_diorite_stairs":15,"minecraft:potato":70,"minecraft:polished_blackstone_stairs":13,"minecraft:dark_oak_sapling":32,"minecraft:cactus":8,"minecraft:stone_pickaxe":96,"minecraft:dark_oak_stairs":60,"minecraft:diorite":2,"minecraft:diamond_boots":1,"minecraft:ender_pearl":1,"minecraft:blackstone":4,"minecraft:wooden_pickaxe":1,"minecraft:diamond_axe":749,"travelersbackpack:melon":17,"minecraft:blue_bed":1,"minecraft:golden_apple":3,"minecraft:sand":9,"minecraft:yellow_terracotta":2,"minecraft:blast_furnace":3,"minecraft:black_concrete_powder":703,"minecraft:shears":32,"minecraft:black_concrete":828,"minecraft:melon_slice":28,"minecraft:bread":73,"minecraft:brown_wool":1,"minecraft:golden_helmet":1,"minecraft:diamond_sword":695,"minecraft:andesite":1,"minecraft:grindstone":1,"minecraft:smithing_table":2,"minecraft:oak_boat":3,"minecraft:air":1,"minecraft:bone_meal":531,"minecraft:oak_fence":2,"minecraft:enchanting_table":6,"minecraft:stone_sword":67,"minecraft:flint_and_steel":1,"minecraft:cooked_salmon":1,"minecraft:polished_blackstone_wall":75,"minecraft:cooked_chicken":18,"minecraft:trial_key":6,"minecraft:netherrack":347,"minecraft:dirt":3215,"minecraft:oak_door":3,"minecraft:torch":550,"minecraft:brewing_stand":1,"minecraft:anvil":2,"minecraft:hopper":1,"minecraft:diamond_helmet":1,"minecraft:polished_diorite":330,"minecraft:iron_hoe":161,"minecraft:dark_oak_planks":698,"minecraft:wooden_axe":34,"minecraft:bookshelf":47,"minecraft:iron_axe":177,"minecraft:iron_boots":4,"minecraft:bamboo":1,"minecraft:diamond_chestplate":2,"minecraft:golden_carrot":15,"minecraft:soul_soil":1,"travelersbackpack:hose":25,"minecraft:cooked_beef":23,"minecraft:cobbled_deepslate":88,"minecraft:iron_leggings":2,"minecraft:wheat_seeds":151,"minecraft:cooked_mutton":31,"minecraft:water_bucket":170,"minecraft:birch_planks":3,"minecraft:glass_bottle":8,"minecraft:baked_potato":102,"minecraft:stonecutter":1,"minecraft:cobblestone_slab":6,"minecraft:polished_blackstone_bricks":26,"minecraft:crafting_table":10,"minecraft:birch_sign":2,"minecraft:white_bed":8,"minecraft:dark_oak_door":6,"minecraft:smoker":4,"minecraft:flower_pot":1,"minecraft:diamond_pickaxe":8432,"minecraft:apple":1,"minecraft:diamond_shovel":5030,"minecraft:wind_charge":1,"minecraft:iron_pickaxe":668,"minecraft:stone_axe":216,"travelersbackpack:standard":3,"minecraft:cobblestone":510,"minecraft:potion":6,"minecraft:cooked_porkchop":61,"minecraft:bucket":187,"minecraft:diamond_leggings":3,"minecraft:glass_pane":15,"minecraft:yellow_bed":2,"minecraft:splash_potion":5,"minecraft:gray_wool":16},"minecraft:dropped":{"minecraft:crimson_stem":15,"minecraft:soul_sand":1,"minecraft:porkchop":6,"minecraft:oak_log":2,"minecraft:weeping_vines":2,"minecraft:warped_roots":4,"minecraft:dirt":8,"minecraft:cornflower":1,"minecraft:crimson_roots":2,"minecraft:coast_armor_trim_smithing_template":2,"minecraft:polished_blackstone_bricks":26,"minecraft:iron_pickaxe":1,"minecraft:white_wool":12,"minecraft:cobbled_deepslate":57,"minecraft:twisting_vines":1,"minecraft:birch_sapling":5,"minecraft:rotten_flesh":42,"minecraft:carrot":72,"minecraft:glass":1,"minecraft:acacia_fence":1,"minecraft:acacia_pressure_plate":1,"minecraft:wheat_seeds":69,"minecraft:poisonous_potato":1,"minecraft:book":42,"minecraft:cobblestone":9,"minecraft:apple":3,"minecraft:copper_ingot":1,"minecraft:stick":2,"minecraft:diorite":1,"minecraft:ink_sac":1,"minecraft:torch":11,"minecraft:melon_slice":31,"minecraft:potion":1,"minecraft:string":3,"minecraft:bucket":1,"minecraft:furnace":1,"minecraft:warped_nylium":1,"minecraft:peony":1,"minecraft:diamond_pickaxe":3,"minecraft:andesite":3,"minecraft:spider_eye":2,"minecraft:sandstone":1,"minecraft:bow":8,"minecraft:stone_pickaxe":2,"minecraft:wooden_pickaxe":4,"travelersbackpack:hose":1,"minecraft:black_wool":2}},"DataVersion":3953}