{"stats":{"minecraft:mined":{"minecraft:white_bed":2,"minecraft:grass_block":2,"minecraft:furnace":1,"minecraft:iron_ore":13,"minecraft:pumpkin":15,"minecraft:deepslate_lapis_ore":1,"minecraft:deepslate_iron_ore":10,"minecraft:bamboo":9,"minecraft:stone":74,"minecraft:white_wool":6,"minecraft:deepslate_redstone_ore":8,"minecraft:dandelion":1,"minecraft:torch":9,"minecraft:short_grass":25,"minecraft:melon":10,"minecraft:tall_grass":9,"minecraft:deepslate_gold_ore":4,"minecraft:sugar_cane":8,"minecraft:wall_torch":1,"minecraft:birch_planks":3,"minecraft:yellow_wool":6,"minecraft:birch_log":27,"minecraft:birch_leaves":2,"minecraft:yellow_bed":2,"minecraft:oak_log":51,"minecraft:coal_ore":69,"minecraft:sand":9,"minecraft:dirt":5,"minecraft:oak_leaves":14,"minecraft:deepslate":12},"minecraft:picked_up":{"minecraft:wooden_axe":1,"minecraft:iron_chestplate":1,"minecraft:crafting_table":1,"minecraft:yellow_wool":12,"minecraft:wooden_pickaxe":3,"minecraft:golden_shovel":1,"minecraft:shield":3,"minecraft:string":13,"minecraft:flint_and_steel":1,"minecraft:iron_shovel":1,"minecraft:cobbled_deepslate":19,"minecraft:beef":41,"minecraft:poppy":1,"minecraft:iron_pickaxe":5,"minecraft:lectern":3,"minecraft:melon_slice":146,"minecraft:sugar_cane":38,"minecraft:birch_sapling":33,"minecraft:furnace":3,"minecraft:stick":28,"minecraft:raw_iron":35,"minecraft:torch":96,"minecraft:fire_charge":8,"minecraft:porkchop":38,"minecraft:redstone":100,"minecraft:stone_sword":4,"minecraft:arrow":15,"minecraft:rotten_flesh":48,"minecraft:hay_block":120,"minecraft:glistering_melon_slice":22,"minecraft:mutton":21,"minecraft:cobblestone":125,"minecraft:white_wool":23,"minecraft:birch_log":48,"minecraft:leather_chestplate":2,"minecraft:feather":9,"minecraft:cooked_beef":40,"minecraft:glow_ink_sac":4,"minecraft:leather":11,"minecraft:potato":6,"minecraft:birch_planks":10,"minecraft:oak_log":136,"minecraft:golden_boots":5,"minecraft:yellow_bed":2,"minecraft:paper":29,"minecraft:lapis_lazuli":14,"minecraft:dirt":11,"minecraft:bone":21,"minecraft:coast_armor_trim_smithing_template":4,"minecraft:apple":4,"minecraft:bow":5,"minecraft:wheat_seeds":3,"minecraft:raw_gold":8,"minecraft:iron_ingot":5,"minecraft:stone_pickaxe":3,"minecraft:bamboo":200,"minecraft:iron_sword":5,"minecraft:oak_planks":50,"minecraft:cooked_porkchop":45,"minecraft:pumpkin":30,"minecraft:dandelion":1,"minecraft:sand":9,"minecraft:ink_sac":1,"minecraft:white_bed":3,"minecraft:spider_eye":6,"minecraft:diamond":2,"minecraft:stone_axe":2,"minecraft:granite":3,"minecraft:golden_apple":4,"minecraft:emerald":5,"minecraft:bread":11,"minecraft:baked_potato":13,"minecraft:coal":181,"minecraft:oak_sapling":9,"minecraft:black_wool":2,"minecraft:ender_pearl":1},"minecraft:custom":{"minecraft:mob_kills":79,"minecraft:interact_with_crafting_table":26,"minecraft:bell_ring":1,"minecraft:leave_game":2,"minecraft:time_since_death":3966,"minecraft:climb_one_cm":201,"minecraft:sprint_one_cm":532690,"minecraft:walk_one_cm":375917,"minecraft:damage_blocked_by_shield":1575,"minecraft:drop":20,"minecraft:play_time":151488,"minecraft:deaths":8,"minecraft:sneak_time":1521,"minecraft:walk_under_water_one_cm":28445,"minecraft:boat_one_cm":845371,"minecraft:jump":1957,"minecraft:walk_on_water_one_cm":34664,"minecraft:total_world_time":151488,"minecraft:interact_with_furnace":12,"minecraft:sleep_in_bed":8,"minecraft:time_since_rest":3995,"minecraft:damage_taken":5662,"minecraft:damage_absorbed":40,"minecraft:damage_dealt":12542,"minecraft:swim_one_cm":44426,"minecraft:fly_one_cm":230633,"minecraft:open_chest":36,"minecraft:crouch_one_cm":2782,"minecraft:interact_with_smoker":17,"minecraft:fall_one_cm":47096},"minecraft:killed_by":{"minecraft:creeper":1,"minecraft:enderman":1,"minecraft:drowned":3,"minecraft:skeleton":3},"minecraft:killed":{"minecraft:witch":1,"minecraft:spider":7,"minecraft:skeleton":10,"minecraft:drowned":3,"minecraft:pig":16,"minecraft:iron_golem":1,"minecraft:squid":1,"minecraft:sheep":9,"minecraft:zombie":17,"minecraft:cow":10,"minecraft:enderman":1},"minecraft:crafted":{"minecraft:oak_planks":44,"minecraft:furnace":4,"minecraft:bone_meal":3,"minecraft:cooked_mutton":4,"minecraft:bow":1,"minecraft:chest":1,"minecraft:smoker":1,"minecraft:wheat":360,"minecraft:cooked_porkchop":28,"minecraft:crafting_table":3,"minecraft:wooden_pickaxe":1,"minecraft:baked_potato":4,"minecraft:iron_sword":1,"minecraft:birch_planks":24,"minecraft:hay_block":33,"minecraft:bread":21,"minecraft:air":0,"minecraft:oak_boat":2,"minecraft:iron_chestplate":1,"minecraft:shield":1,"minecraft:stick":32,"minecraft:iron_ingot":28,"minecraft:iron_pickaxe":1,"minecraft:wooden_axe":1,"minecraft:iron_shovel":1,"minecraft:white_bed":2,"minecraft:torch":56},"minecraft:used":{"minecraft:stone_sword":67,"minecraft:chest":1,"minecraft:shield":31,"minecraft:iron_sword":184,"minecraft:iron_chestplate":1,"minecraft:torch":67,"minecraft:dirt":7,"minecraft:wooden_axe":34,"minecraft:bow":4,"minecraft:furnace":5,"minecraft:cobbled_deepslate":14,"minecraft:cooked_mutton":4,"minecraft:birch_planks":3,"minecraft:stone_pickaxe":96,"minecraft:baked_potato":3,"minecraft:wooden_pickaxe":1,"minecraft:golden_apple":1,"minecraft:crafting_table":4,"minecraft:white_bed":4,"minecraft:smoker":1,"minecraft:apple":1,"minecraft:bread":22,"minecraft:melon_slice":11,"minecraft:iron_pickaxe":99,"minecraft:stone_axe":123,"minecraft:cobblestone":17,"minecraft:cooked_porkchop":24,"minecraft:yellow_bed":2,"minecraft:oak_boat":2,"minecraft:bone_meal":1},"minecraft:dropped":{"minecraft:wheat_seeds":3,"minecraft:cobblestone":7,"minecraft:apple":3,"minecraft:ink_sac":1,"minecraft:melon_slice":31,"minecraft:coast_armor_trim_smithing_template":2,"minecraft:iron_pickaxe":1,"minecraft:string":3,"minecraft:furnace":1,"minecraft:birch_sapling":5,"minecraft:rotten_flesh":2,"minecraft:spider_eye":1,"minecraft:wooden_pickaxe":4,"minecraft:stone_pickaxe":2,"minecraft:black_wool":2},"minecraft:broken":{"minecraft:leather_chestplate":1}},"DataVersion":3953}